{"type":"FeatureCollection","features":[{"type":"Feature","properties":{"NAME":"MENLO PARK"},"geometry":{"type":"Polygon","coordinates":[[[-122.178918,37.487125],[-122.178453,37.486976],[-122.17845,37.487124],[-122.178445,37.487373],[-122.178196,37.498465],[-122.177172,37.49845],[-122.177168,37.498606],[-122.176858,37.498376],[-122.176362,37.49811],[-122.174381,37.496807],[-122.173829,37.496711],[-122.173685,37.496867],[-122.17355,37.496894],[-122.173464,37.496578],[-122.172492,37.496454],[-122.171168,37.496212],[-122.169945,37.496123],[-122.168656,37.4967],[-122.167905,37.497012],[-122.166121,37.498517],[-122.165797,37.498952],[-122.165778,37.499599],[-122.165822,37.499827],[-122.166075,37.500089],[-122.165671,37.500255],[-122.165647,37.500475],[-122.165687,37.500871],[-122.165744,37.501447],[-122.164203,37.501563],[-122.164138,37.505223],[-122.159361,37.512353],[-122.154632,37.519441],[-122.151653,37.523861],[-122.149869,37.526483],[-122.149868,37.526485],[-122.149868,37.526487],[-122.149867,37.526489],[-122.149549,37.533844],[-122.14121,37.533662],[-122.13751,37.533581],[-122.137509,37.533581],[-122.126242,37.518966],[-122.125948,37.51859],[-122.116575,37.506584],[-122.116272,37.506217],[-122.115917,37.505763],[-122.110407,37.498719],[-122.108773,37.496599],[-122.096936,37.488652],[-122.090653,37.484967],[-122.079782,37.47859],[-122.095847,37.462818],[-122.095838,37.464868],[-122.096215,37.46487],[-122.112232,37.464944],[-122.114098,37.464952],[-122.114532,37.465677],[-122.114742,37.466027],[-122.117596,37.468782],[-122.119928,37.470178],[-122.12106,37.472155],[-122.123546,37.472249],[-122.12357,37.47435],[-122.123585,37.475738],[-122.119224,37.477273],[-122.118297,37.477599],[-122.118433,37.47805],[-122.119754,37.477591],[-122.123596,37.476256],[-122.126724,37.47517],[-122.126885,37.475301],[-122.127627,37.475912],[-122.128903,37.476961],[-122.129426,37.477391],[-122.129436,37.477399],[-122.13241,37.47969],[-122.131094,37.482902],[-122.130898,37.48338],[-122.131219,37.483884],[-122.134126,37.482778],[-122.134367,37.482769],[-122.134804,37.48275],[-122.137561,37.481989],[-122.138574,37.48176],[-122.138787,37.481719],[-122.138828,37.481677],[-122.139415,37.481015],[-122.139787,37.480596],[-122.139887,37.480483],[-122.139832,37.47875],[-122.139827,37.478597],[-122.139818,37.478322],[-122.139791,37.477471],[-122.139776,37.477017],[-122.139775,37.476976],[-122.139773,37.476907],[-122.139773,37.476907],[-122.139773,37.476902],[-122.139762,37.476566],[-122.139755,37.476331],[-122.139742,37.475942],[-122.13974,37.47587],[-122.139941,37.475861],[-122.140131,37.475853],[-122.1403,37.475845],[-122.140473,37.475837],[-122.140644,37.47583],[-122.14082,37.475822],[-122.140839,37.475821],[-122.140987,37.475814],[-122.14116,37.475807],[-122.141335,37.475799],[-122.141508,37.475791],[-122.141679,37.475784],[-122.141803,37.475778],[-122.141849,37.475776],[-122.142028,37.475768],[-122.1422,37.47576],[-122.142372,37.475753],[-122.142544,37.475745],[-122.14271,37.475738],[-122.142818,37.475733],[-122.142884,37.47573],[-122.143062,37.475722],[-122.143224,37.475715],[-122.143402,37.475707],[-122.143572,37.475699],[-122.143746,37.475691],[-122.143919,37.475684],[-122.144088,37.475676],[-122.144265,37.475668],[-122.144438,37.47566],[-122.144608,37.475653],[-122.14471,37.475648],[-122.144778,37.475645],[-122.144955,37.475637],[-122.14512,37.47563],[-122.145306,37.475622],[-122.145312,37.475621],[-122.145493,37.475613],[-122.145685,37.475605],[-122.14588,37.475596],[-122.146071,37.475545],[-122.146228,37.475503],[-122.146295,37.475204],[-122.146348,37.475017],[-122.146384,37.474855],[-122.146416,37.474714],[-122.14642,37.474697],[-122.146495,37.474363],[-122.146512,37.474286],[-122.146578,37.473995],[-122.146687,37.473511],[-122.147094,37.473568],[-122.147259,37.473591],[-122.147277,37.473593],[-122.147429,37.473614],[-122.147595,37.473637],[-122.147765,37.473661],[-122.147938,37.473685],[-122.148106,37.473709],[-122.148213,37.473724],[-122.148283,37.473733],[-122.148449,37.473757],[-122.148617,37.47378],[-122.148789,37.473804],[-122.148814,37.473807],[-122.14896,37.473828],[-122.149174,37.473858],[-122.149255,37.473869],[-122.149323,37.473878],[-122.149344,37.473881],[-122.149502,37.473903],[-122.149672,37.473927],[-122.149834,37.47395],[-122.150002,37.473973],[-122.150012,37.473975],[-122.150177,37.473998],[-122.150348,37.474021],[-122.150516,37.474045],[-122.15063,37.474061],[-122.150689,37.474069],[-122.150855,37.474092],[-122.151031,37.474117],[-122.151195,37.474139],[-122.151309,37.474155],[-122.151369,37.474164],[-122.151535,37.474187],[-122.15175,37.474217],[-122.151775,37.47422],[-122.151949,37.474245],[-122.152141,37.474271],[-122.15221,37.474281],[-122.152342,37.474299],[-122.152549,37.474328],[-122.15266,37.474344],[-122.152759,37.474358],[-122.152933,37.474382],[-122.153126,37.474409],[-122.153252,37.474426],[-122.153335,37.474438],[-122.15347,37.474457],[-122.153722,37.474494],[-122.153899,37.474147],[-122.154209,37.47354],[-122.154209,37.473539],[-122.154548,37.472873],[-122.154568,37.472834],[-122.155129,37.471964],[-122.155203,37.47184],[-122.155413,37.471428],[-122.155997,37.470157],[-122.156001,37.470154],[-122.15601,37.470147],[-122.156354,37.469452],[-122.155287,37.468838],[-122.153684,37.467905],[-122.152714,37.467336],[-122.151499,37.466601],[-122.150562,37.466034],[-122.15063,37.465748],[-122.150637,37.465716],[-122.150668,37.465581],[-122.150684,37.465513],[-122.150715,37.465378],[-122.150746,37.465243],[-122.150777,37.465108],[-122.150808,37.464973],[-122.150839,37.464838],[-122.150869,37.464704],[-122.1509,37.464569],[-122.150798,37.464555],[-122.150899,37.464114],[-122.150967,37.464123],[-122.151004,37.463961],[-122.151048,37.463772],[-122.15106,37.463662],[-122.151067,37.463635],[-122.151097,37.463498],[-122.151127,37.463365],[-122.15113,37.463351],[-122.15116,37.463216],[-122.151177,37.463139],[-122.151202,37.463027],[-122.151247,37.462829],[-122.151286,37.462646],[-122.151275,37.462637],[-122.151264,37.462627],[-122.151254,37.462618],[-122.151244,37.462608],[-122.151234,37.462597],[-122.151223,37.462585],[-122.151211,37.462572],[-122.151199,37.46256],[-122.150871,37.4625],[-122.150866,37.462499],[-122.150858,37.462497],[-122.150849,37.462495],[-122.150839,37.462494],[-122.15083,37.462492],[-122.150821,37.46249],[-122.150813,37.462489],[-122.149876,37.462357],[-122.149898,37.462261],[-122.150012,37.461748],[-122.149654,37.461698],[-122.149297,37.461648],[-122.149286,37.461699],[-122.148929,37.461648],[-122.148571,37.461598],[-122.148583,37.461547],[-122.148225,37.461497],[-122.147868,37.461446],[-122.147511,37.461396],[-122.147153,37.461346],[-122.146796,37.461295],[-122.146822,37.461177],[-122.146659,37.461154],[-122.146635,37.461263],[-122.146441,37.461235],[-122.146465,37.461127],[-122.146108,37.461077],[-122.145929,37.461052],[-122.145908,37.461146],[-122.145729,37.461121],[-122.14575,37.461027],[-122.145571,37.461001],[-122.145552,37.461087],[-122.145374,37.461062],[-122.145429,37.460814],[-122.145226,37.460785],[-122.14522,37.460812],[-122.145066,37.460791],[-122.14505,37.460861],[-122.144643,37.460803],[-122.144703,37.460533],[-122.144739,37.460369],[-122.144829,37.459963],[-122.144874,37.459759],[-122.144922,37.459543],[-122.144973,37.459313],[-122.145003,37.459178],[-122.145048,37.458975],[-122.145077,37.458846],[-122.145112,37.458689],[-122.145151,37.458512],[-122.145192,37.458259],[-122.145203,37.4582],[-122.145214,37.458144],[-122.145214,37.458139],[-122.145261,37.458118],[-122.145398,37.457986],[-122.145712,37.457849],[-122.145727,37.457784],[-122.145921,37.457683],[-122.145908,37.457436],[-122.145868,37.457276],[-122.145984,37.456926],[-122.146239,37.456808],[-122.14646,37.456707],[-122.146623,37.456631],[-122.146982,37.456594],[-122.146985,37.456616],[-122.147499,37.456548],[-122.147741,37.456602],[-122.147912,37.456734],[-122.14801,37.456919],[-122.148028,37.456935],[-122.148144,37.457037],[-122.148418,37.457159],[-122.148728,37.457214],[-122.148754,37.457219],[-122.149296,37.457185],[-122.149327,37.457177],[-122.149674,37.457242],[-122.149742,37.457255],[-122.150146,37.457258],[-122.150634,37.457346],[-122.15114,37.457397],[-122.151311,37.457348],[-122.151647,37.457185],[-122.151901,37.457575],[-122.152077,37.457718],[-122.15242,37.45774],[-122.152582,37.457686],[-122.152759,37.457325],[-122.152926,37.457173],[-122.153237,37.456896],[-122.153583,37.456675],[-122.15463,37.45593],[-122.15549,37.455883],[-122.156004,37.455399],[-122.155404,37.454728],[-122.155476,37.454584],[-122.155741,37.454055],[-122.156559,37.454312],[-122.156576,37.45431],[-122.157166,37.454248],[-122.157075,37.453518],[-122.157521,37.453502],[-122.157927,37.453646],[-122.158236,37.453605],[-122.158499,37.45357],[-122.15883,37.453688],[-122.15886,37.454022],[-122.158868,37.45412],[-122.15894,37.454395],[-122.158948,37.454438],[-122.158984,37.454689],[-122.158985,37.454694],[-122.158986,37.454697],[-122.158987,37.4547],[-122.158988,37.454702],[-122.15899,37.454705],[-122.158991,37.454708],[-122.158992,37.45471],[-122.158994,37.454713],[-122.158996,37.454715],[-122.158998,37.454718],[-122.159,37.45472],[-122.159002,37.454723],[-122.159004,37.454725],[-122.159006,37.454727],[-122.159008,37.454729],[-122.159011,37.454732],[-122.159013,37.454734],[-122.159016,37.454736],[-122.159019,37.454737],[-122.159021,37.454739],[-122.159024,37.454741],[-122.159027,37.454743],[-122.15903,37.454744],[-122.159033,37.454746],[-122.159036,37.454747],[-122.15904,37.454749],[-122.159043,37.45475],[-122.159046,37.454751],[-122.159049,37.454752],[-122.159053,37.454753],[-122.159056,37.454754],[-122.15906,37.454755],[-122.159063,37.454755],[-122.159067,37.454756],[-122.15907,37.454756],[-122.159074,37.454757],[-122.159077,37.454757],[-122.159081,37.454757],[-122.159085,37.454757],[-122.159088,37.454757],[-122.159901,37.454742],[-122.160381,37.454732],[-122.16039,37.454732],[-122.160396,37.454732],[-122.160402,37.454731],[-122.160408,37.454731],[-122.160414,37.45473],[-122.16042,37.45473],[-122.160426,37.454729],[-122.160432,37.454728],[-122.160438,37.454728],[-122.160443,37.454727],[-122.160449,37.454726],[-122.160455,37.454725],[-122.160461,37.454723],[-122.160467,37.454722],[-122.160473,37.454721],[-122.160478,37.454719],[-122.160484,37.454718],[-122.16049,37.454716],[-122.160496,37.454715],[-122.160501,37.454713],[-122.160507,37.454711],[-122.160512,37.454709],[-122.160518,37.454707],[-122.160523,37.454705],[-122.160529,37.454703],[-122.160534,37.454701],[-122.160539,37.454698],[-122.160545,37.454696],[-122.16055,37.454694],[-122.160555,37.454691],[-122.16056,37.454689],[-122.160565,37.454686],[-122.16057,37.454683],[-122.160575,37.45468],[-122.16058,37.454678],[-122.160585,37.454675],[-122.16059,37.454672],[-122.160594,37.454669],[-122.160599,37.454666],[-122.160685,37.454576],[-122.160689,37.454568],[-122.160691,37.454564],[-122.160694,37.45456],[-122.160696,37.454555],[-122.160698,37.454551],[-122.1607,37.454546],[-122.160702,37.454542],[-122.160704,37.454537],[-122.160705,37.454532],[-122.160707,37.454528],[-122.160708,37.454523],[-122.16071,37.454519],[-122.160711,37.454514],[-122.160712,37.454509],[-122.160713,37.454504],[-122.160714,37.4545],[-122.160715,37.454495],[-122.160716,37.45449],[-122.160717,37.454485],[-122.160717,37.454481],[-122.160718,37.454476],[-122.160718,37.454471],[-122.160718,37.454466],[-122.160718,37.454461],[-122.160719,37.454444],[-122.16072,37.454433],[-122.160721,37.454422],[-122.160722,37.454411],[-122.160723,37.454401],[-122.160725,37.45439],[-122.160727,37.454379],[-122.160729,37.454369],[-122.160731,37.454358],[-122.160734,37.454347],[-122.160736,37.454337],[-122.16074,37.454326],[-122.160743,37.454316],[-122.160746,37.454305],[-122.16075,37.454295],[-122.160754,37.454285],[-122.160758,37.454274],[-122.160762,37.454264],[-122.160767,37.454254],[-122.160772,37.454244],[-122.160777,37.454234],[-122.160782,37.454224],[-122.160788,37.454214],[-122.160793,37.454204],[-122.160799,37.454195],[-122.160806,37.454185],[-122.160812,37.454176],[-122.160818,37.454166],[-122.160825,37.454157],[-122.160832,37.454148],[-122.160839,37.454138],[-122.160847,37.454129],[-122.160854,37.45412],[-122.160862,37.454112],[-122.16087,37.454103],[-122.160878,37.454094],[-122.160886,37.454086],[-122.160895,37.454077],[-122.160904,37.454069],[-122.160912,37.454061],[-122.160921,37.454053],[-122.160931,37.454045],[-122.16094,37.454037],[-122.16095,37.45403],[-122.160959,37.454022],[-122.160969,37.454015],[-122.160979,37.454008],[-122.160989,37.454],[-122.161,37.453993],[-122.16101,37.453987],[-122.161021,37.45398],[-122.161032,37.453974],[-122.161043,37.453967],[-122.161054,37.453961],[-122.161065,37.453955],[-122.161076,37.453949],[-122.161088,37.453943],[-122.161099,37.453938],[-122.161111,37.453932],[-122.161123,37.453927],[-122.161135,37.453922],[-122.161147,37.453917],[-122.161159,37.453912],[-122.161171,37.453908],[-122.161184,37.453904],[-122.161196,37.453899],[-122.161209,37.453895],[-122.161221,37.453891],[-122.161234,37.453888],[-122.161247,37.453884],[-122.16126,37.453881],[-122.161273,37.453878],[-122.161286,37.453875],[-122.161299,37.453872],[-122.161312,37.453869],[-122.161325,37.453867],[-122.161338,37.453865],[-122.161352,37.453862],[-122.161365,37.453861],[-122.161378,37.453859],[-122.161392,37.453857],[-122.161405,37.453856],[-122.161418,37.453855],[-122.161432,37.453854],[-122.161445,37.453853],[-122.161459,37.453853],[-122.161472,37.453852],[-122.161486,37.453852],[-122.1615,37.453852],[-122.161513,37.453852],[-122.161527,37.453853],[-122.16154,37.453853],[-122.161554,37.453854],[-122.161567,37.453855],[-122.161581,37.453856],[-122.161594,37.453857],[-122.161607,37.453859],[-122.161621,37.45386],[-122.161634,37.453862],[-122.162267,37.45392],[-122.162875,37.453814],[-122.162756,37.453101],[-122.163787,37.453245],[-122.163768,37.452447],[-122.16423,37.452294],[-122.164662,37.453014],[-122.165086,37.453079],[-122.165224,37.452891],[-122.165401,37.45214],[-122.165476,37.451822],[-122.165588,37.451664],[-122.165593,37.451555],[-122.16559,37.451555],[-122.165606,37.45112],[-122.166073,37.450504],[-122.166471,37.450681],[-122.166478,37.45069],[-122.166778,37.45104],[-122.166882,37.45104],[-122.167368,37.451038],[-122.16759,37.450716],[-122.167746,37.450492],[-122.167802,37.450286],[-122.167858,37.450079],[-122.167892,37.449869],[-122.167926,37.449648],[-122.167463,37.449249],[-122.167529,37.449086],[-122.167701,37.448661],[-122.167857,37.448276],[-122.167997,37.448205],[-122.168375,37.448013],[-122.168446,37.447926],[-122.16854,37.447811],[-122.168873,37.447405],[-122.169137,37.447083],[-122.169408,37.447111],[-122.169528,37.447534],[-122.169559,37.447641],[-122.16991,37.44749],[-122.17024,37.447349],[-122.170478,37.44714],[-122.170489,37.44713],[-122.170542,37.447077],[-122.170575,37.447045],[-122.170592,37.447056],[-122.170828,37.446958],[-122.171394,37.446992],[-122.171865,37.446749],[-122.171909,37.446597],[-122.172068,37.44636],[-122.17229,37.446256],[-122.172503,37.446188],[-122.172653,37.446087],[-122.172793,37.445977],[-122.17282,37.445775],[-122.172966,37.445662],[-122.173182,37.445538],[-122.173365,37.445399],[-122.173554,37.445222],[-122.173637,37.445136],[-122.173825,37.444983],[-122.173972,37.44492],[-122.17416,37.444849],[-122.174346,37.444768],[-122.174485,37.444643],[-122.17458,37.444523],[-122.174737,37.444324],[-122.174748,37.4443],[-122.174828,37.444126],[-122.174844,37.443886],[-122.174812,37.443678],[-122.174831,37.4434],[-122.174922,37.443253],[-122.175164,37.443048],[-122.175407,37.442873],[-122.175523,37.44268],[-122.175556,37.442527],[-122.175563,37.442501],[-122.17559,37.442401],[-122.175629,37.442256],[-122.175673,37.442087],[-122.175779,37.441878],[-122.175897,37.441819],[-122.176154,37.441828],[-122.176457,37.441811],[-122.176634,37.44168],[-122.176804,37.441478],[-122.177105,37.441373],[-122.177319,37.441312],[-122.177449,37.441219],[-122.177586,37.441131],[-122.177976,37.440827],[-122.178748,37.440991],[-122.179439,37.441054],[-122.179454,37.441049],[-122.179575,37.441012],[-122.179749,37.440959],[-122.179726,37.440671],[-122.179738,37.440677],[-122.17961,37.4405],[-122.179315,37.440402],[-122.179292,37.440394],[-122.179178,37.440209],[-122.179481,37.439941],[-122.179489,37.439927],[-122.179662,37.439613],[-122.179988,37.439603],[-122.180413,37.439442],[-122.180674,37.439402],[-122.180703,37.439412],[-122.180992,37.439507],[-122.181005,37.439516],[-122.181073,37.439563],[-122.181317,37.439731],[-122.181335,37.439743],[-122.181336,37.439744],[-122.18135,37.439727],[-122.181533,37.439853],[-122.181638,37.43986],[-122.182091,37.439664],[-122.182231,37.43956],[-122.182414,37.439414],[-122.182475,37.439366],[-122.182586,37.439176],[-122.182694,37.438993],[-122.182713,37.438914],[-122.18278,37.438642],[-122.182781,37.438472],[-122.182781,37.438368],[-122.182749,37.438122],[-122.182791,37.438043],[-122.182922,37.437799],[-122.182952,37.437743],[-122.18306,37.437567],[-122.183013,37.437542],[-122.183228,37.437371],[-122.183434,37.437209],[-122.18352,37.437144],[-122.183574,37.437088],[-122.183598,37.437098],[-122.183607,37.436899],[-122.183615,37.436719],[-122.183618,37.436644],[-122.183547,37.436468],[-122.183547,37.436466],[-122.183459,37.436171],[-122.183449,37.436072],[-122.183492,37.435948],[-122.183552,37.435798],[-122.183488,37.435765],[-122.183642,37.435469],[-122.183837,37.435094],[-122.183941,37.435149],[-122.184168,37.43484],[-122.184397,37.434621],[-122.184619,37.434377],[-122.184797,37.434175],[-122.184823,37.434146],[-122.184789,37.434127],[-122.184888,37.433964],[-122.185054,37.43384],[-122.185126,37.433847],[-122.185345,37.43387],[-122.185676,37.433904],[-122.185788,37.433877],[-122.185947,37.433838],[-122.186461,37.433751],[-122.186569,37.433715],[-122.186906,37.433604],[-122.186935,37.433602],[-122.187303,37.433579],[-122.187635,37.433559],[-122.187758,37.433551],[-122.187771,37.433551],[-122.18786,37.433485],[-122.188036,37.433356],[-122.1881,37.433308],[-122.188127,37.433183],[-122.188242,37.432656],[-122.188247,37.432632],[-122.188392,37.432341],[-122.18822,37.432232],[-122.188248,37.432197],[-122.188704,37.431961],[-122.189173,37.431841],[-122.189874,37.431745],[-122.19026,37.431649],[-122.190565,37.431398],[-122.190549,37.43092],[-122.190436,37.430455],[-122.189843,37.428724],[-122.190038,37.427894],[-122.189652,37.427531],[-122.189838,37.426784],[-122.190655,37.426307],[-122.191187,37.425826],[-122.191525,37.425311],[-122.191317,37.424791],[-122.191055,37.424522],[-122.190815,37.424276],[-122.190704,37.424162],[-122.190726,37.424156],[-122.191698,37.423877],[-122.190901,37.42196],[-122.190853,37.421963],[-122.190836,37.421768],[-122.190735,37.421665],[-122.190476,37.420979],[-122.190921,37.420872],[-122.19126,37.420803],[-122.191229,37.420705],[-122.191211,37.420648],[-122.191236,37.420573],[-122.191377,37.420161],[-122.191498,37.420014],[-122.191621,37.419864],[-122.191696,37.419772],[-122.19291,37.420403],[-122.193536,37.420728],[-122.19691,37.421516],[-122.196998,37.421537],[-122.197104,37.420969],[-122.197124,37.420883],[-122.197157,37.42088],[-122.19719,37.420877],[-122.197223,37.420874],[-122.197255,37.42087],[-122.197288,37.420865],[-122.19732,37.42086],[-122.197353,37.420855],[-122.197385,37.420849],[-122.197417,37.420842],[-122.197449,37.420836],[-122.197481,37.420828],[-122.197512,37.42082],[-122.197544,37.420812],[-122.197575,37.420804],[-122.197606,37.420794],[-122.197637,37.420785],[-122.197667,37.420775],[-122.197698,37.420764],[-122.197728,37.420753],[-122.197758,37.420742],[-122.197983,37.42066],[-122.197994,37.420676],[-122.198017,37.420708],[-122.198039,37.42074],[-122.19806,37.420773],[-122.198081,37.420806],[-122.198101,37.420839],[-122.198121,37.420872],[-122.19813,37.420889],[-122.19814,37.420906],[-122.198159,37.420939],[-122.198177,37.420973],[-122.198194,37.421007],[-122.198211,37.421042],[-122.198228,37.421076],[-122.198243,37.421111],[-122.198259,37.421145],[-122.198273,37.42118],[-122.198287,37.421215],[-122.198301,37.421251],[-122.198571,37.421972],[-122.198627,37.42196],[-122.198671,37.421951],[-122.198745,37.421929],[-122.198819,37.421909],[-122.198893,37.421888],[-122.198967,37.421868],[-122.199041,37.421848],[-122.199116,37.421829],[-122.199191,37.42181],[-122.199266,37.421792],[-122.199341,37.421774],[-122.199416,37.421757],[-122.199491,37.421739],[-122.199567,37.421723],[-122.199643,37.421707],[-122.199719,37.421691],[-122.199795,37.421676],[-122.199933,37.421649],[-122.200315,37.421535],[-122.201263,37.421342],[-122.201294,37.421335],[-122.201325,37.42133],[-122.201356,37.421325],[-122.201388,37.42132],[-122.201419,37.421316],[-122.201451,37.421312],[-122.201483,37.421309],[-122.201515,37.421306],[-122.201546,37.421304],[-122.201578,37.421302],[-122.20161,37.4213],[-122.201642,37.421299],[-122.201674,37.421299],[-122.201706,37.421299],[-122.201738,37.421299],[-122.20177,37.4213],[-122.201802,37.421302],[-122.201834,37.421304],[-122.201866,37.421306],[-122.202373,37.421348],[-122.203311,37.42125],[-122.204875,37.421039],[-122.205219,37.421017],[-122.205585,37.420937],[-122.205879,37.420957],[-122.206426,37.420894],[-122.207101,37.420774],[-122.207907,37.420552],[-122.207948,37.420544],[-122.209028,37.417323],[-122.211478,37.417021],[-122.212036,37.416933],[-122.212117,37.41699],[-122.212199,37.417045],[-122.212282,37.417101],[-122.212365,37.417155],[-122.21245,37.417208],[-122.212535,37.417261],[-122.212622,37.417312],[-122.212709,37.417363],[-122.212797,37.417413],[-122.212885,37.417462],[-122.212975,37.41751],[-122.213065,37.417557],[-122.213156,37.417603],[-122.213248,37.417648],[-122.21334,37.417693],[-122.213433,37.417736],[-122.213527,37.417779],[-122.213621,37.41782],[-122.213716,37.417861],[-122.213812,37.4179],[-122.213909,37.417939],[-122.214006,37.417976],[-122.214103,37.418013],[-122.214201,37.418049],[-122.2143,37.418083],[-122.214399,37.418117],[-122.214499,37.418149],[-122.2146,37.418181],[-122.2147,37.418212],[-122.214802,37.418241],[-122.214903,37.41827],[-122.215006,37.418297],[-122.215108,37.418323],[-122.215211,37.418349],[-122.215315,37.418373],[-122.215419,37.418396],[-122.215523,37.418419],[-122.215627,37.41844],[-122.215732,37.41846],[-122.215837,37.418479],[-122.215943,37.418497],[-122.216049,37.418514],[-122.216155,37.418529],[-122.216261,37.418544],[-122.21622,37.42039],[-122.216308,37.420392],[-122.216396,37.420394],[-122.216484,37.420395],[-122.216573,37.420396],[-122.216661,37.420396],[-122.216749,37.420396],[-122.216837,37.420395],[-122.216926,37.420394],[-122.217014,37.420392],[-122.217102,37.42039],[-122.21719,37.420387],[-122.217278,37.420384],[-122.217367,37.420381],[-122.218046,37.420304],[-122.218119,37.420296],[-122.218191,37.420287],[-122.218264,37.420277],[-122.218336,37.420267],[-122.218409,37.420257],[-122.218481,37.420246],[-122.218553,37.420235],[-122.218625,37.420223],[-122.218697,37.420211],[-122.223687,37.419581],[-122.223907,37.421432],[-122.223928,37.421779],[-122.223935,37.421896],[-122.228142,37.424494],[-122.228174,37.424513],[-122.22821,37.424542],[-122.228409,37.424702],[-122.228441,37.424728],[-122.228452,37.424737],[-122.228433,37.424737],[-122.227429,37.424736],[-122.225706,37.424735],[-122.225621,37.42474],[-122.225619,37.424741],[-122.225542,37.424732],[-122.225525,37.424715],[-122.225211,37.424384],[-122.225128,37.42435],[-122.224568,37.424117],[-122.224058,37.424598],[-122.223526,37.425101],[-122.223301,37.425313],[-122.223116,37.425599],[-122.222749,37.426169],[-122.222731,37.426198],[-122.222201,37.426676],[-122.221615,37.427203],[-122.22152,37.427288],[-122.221129,37.427754],[-122.221078,37.427814],[-122.220973,37.42794],[-122.219907,37.42849],[-122.219187,37.428861],[-122.21898,37.428968],[-122.218969,37.428954],[-122.218607,37.428505],[-122.218517,37.428492],[-122.218069,37.427762],[-122.217574,37.427956],[-122.217562,37.42797],[-122.217031,37.428605],[-122.216668,37.42904],[-122.216395,37.429367],[-122.216208,37.42959],[-122.215731,37.430164],[-122.215474,37.430475],[-122.215181,37.430829],[-122.215123,37.430899],[-122.214759,37.431341],[-122.214347,37.431841],[-122.213923,37.432354],[-122.213919,37.432358],[-122.213921,37.432359],[-122.213919,37.432362],[-122.213877,37.432412],[-122.213894,37.432429],[-122.213662,37.432721],[-122.213388,37.432747],[-122.213382,37.432748],[-122.213362,37.43275],[-122.213051,37.432781],[-122.212851,37.432797],[-122.212747,37.432805],[-122.212495,37.432826],[-122.212048,37.432989],[-122.211868,37.432997],[-122.211717,37.433003],[-122.211698,37.433004],[-122.211266,37.432953],[-122.211248,37.432951],[-122.211098,37.432922],[-122.210844,37.432873],[-122.210466,37.4328],[-122.210152,37.43274],[-122.210144,37.432739],[-122.209964,37.432673],[-122.209776,37.432605],[-122.209588,37.432536],[-122.20911,37.432363],[-122.208583,37.432284],[-122.208514,37.432262],[-122.208345,37.432205],[-122.208191,37.432153],[-122.208164,37.432144],[-122.207961,37.432163],[-122.207752,37.432413],[-122.20728,37.43216],[-122.207502,37.431896],[-122.207739,37.431612],[-122.207982,37.431322],[-122.207697,37.431171],[-122.20755,37.431095],[-122.207265,37.430943],[-122.207233,37.430926],[-122.206945,37.430772],[-122.206878,37.430736],[-122.206667,37.430623],[-122.206616,37.430596],[-122.206374,37.430467],[-122.206355,37.430457],[-122.206091,37.430316],[-122.205816,37.430169],[-122.205663,37.430087],[-122.205406,37.42995],[-122.205258,37.429871],[-122.205235,37.42984],[-122.204967,37.429968],[-122.204964,37.42997],[-122.204811,37.430034],[-122.204663,37.430097],[-122.204379,37.430145],[-122.204325,37.430154],[-122.204257,37.430162],[-122.204031,37.430187],[-122.203984,37.430192],[-122.203687,37.430209],[-122.20361,37.430213],[-122.203579,37.430215],[-122.203185,37.430006],[-122.20318,37.430003],[-122.203175,37.43],[-122.20317,37.429996],[-122.203167,37.429992],[-122.203022,37.430001],[-122.202968,37.430101],[-122.202667,37.430456],[-122.202559,37.430397],[-122.202265,37.430242],[-122.202361,37.430127],[-122.202456,37.430013],[-122.202163,37.429858],[-122.202067,37.429972],[-122.201972,37.430086],[-122.201855,37.430029],[-122.20182,37.43001],[-122.201648,37.429918],[-122.201531,37.429856],[-122.201483,37.429831],[-122.201319,37.429743],[-122.201132,37.429644],[-122.20107,37.429611],[-122.200895,37.429518],[-122.200751,37.429441],[-122.200616,37.429369],[-122.200615,37.429369],[-122.200604,37.429382],[-122.200478,37.429533],[-122.200343,37.429693],[-122.200277,37.429772],[-122.200153,37.429921],[-122.200105,37.429978],[-122.20001,37.430092],[-122.199933,37.430184],[-122.199867,37.430264],[-122.199756,37.430396],[-122.199723,37.430435],[-122.19958,37.430606],[-122.199579,37.430606],[-122.199247,37.430429],[-122.199241,37.430426],[-122.198985,37.430268],[-122.198979,37.430266],[-122.198974,37.430263],[-122.198592,37.430059],[-122.198559,37.430099],[-122.198183,37.42991],[-122.197802,37.429718],[-122.197507,37.429569],[-122.197501,37.429566],[-122.197495,37.429562],[-122.19724,37.429431],[-122.197233,37.429427],[-122.19707,37.42934],[-122.196848,37.42922],[-122.196665,37.429121],[-122.196477,37.429026],[-122.196311,37.428942],[-122.196287,37.428929],[-122.196262,37.428916],[-122.196238,37.428902],[-122.196215,37.428888],[-122.196191,37.428874],[-122.196169,37.428859],[-122.196146,37.428844],[-122.196124,37.428829],[-122.196103,37.428813],[-122.196081,37.428797],[-122.196081,37.428796],[-122.196076,37.428792],[-122.196072,37.428788],[-122.196069,37.428784],[-122.196066,37.428779],[-122.196064,37.428775],[-122.196062,37.42877],[-122.196061,37.428765],[-122.196062,37.428765],[-122.195921,37.428668],[-122.1956,37.428322],[-122.195419,37.428126],[-122.195401,37.428148],[-122.195116,37.427833],[-122.195101,37.427817],[-122.19507,37.427783],[-122.195038,37.427749],[-122.195005,37.427716],[-122.194972,37.427682],[-122.194941,37.427651],[-122.194909,37.427621],[-122.194877,37.427591],[-122.194845,37.427561],[-122.194812,37.427531],[-122.194808,37.427527],[-122.194639,37.427386],[-122.194638,37.427385],[-122.194637,37.427384],[-122.194635,37.427383],[-122.194634,37.427382],[-122.194629,37.427378],[-122.19458,37.427341],[-122.19453,37.427303],[-122.194516,37.427293],[-122.194509,37.427287],[-122.194503,37.427284],[-122.194331,37.427159],[-122.194089,37.426925],[-122.193864,37.426753],[-122.193356,37.42644],[-122.193425,37.42637],[-122.193424,37.426369],[-122.19299,37.426054],[-122.19341,37.425769],[-122.193803,37.425978],[-122.19398,37.425796],[-122.193735,37.425665],[-122.193308,37.425438],[-122.192895,37.425195],[-122.19361,37.424782],[-122.194069,37.424469],[-122.194179,37.424393],[-122.194288,37.424318],[-122.194397,37.424242],[-122.194506,37.424165],[-122.194614,37.424088],[-122.194722,37.424011],[-122.194829,37.423934],[-122.194936,37.423856],[-122.195043,37.423777],[-122.195107,37.423711],[-122.195166,37.423668],[-122.195225,37.423625],[-122.195285,37.423582],[-122.195346,37.423539],[-122.195409,37.423495],[-122.195471,37.423453],[-122.195535,37.42341],[-122.195598,37.423368],[-122.195662,37.423327],[-122.195726,37.423285],[-122.195791,37.423245],[-122.195856,37.423204],[-122.195922,37.423164],[-122.195988,37.423125],[-122.196054,37.423086],[-122.19612,37.423047],[-122.196969,37.422623],[-122.197457,37.422293],[-122.196472,37.422465],[-122.194483,37.423051],[-122.194333,37.423095],[-122.192216,37.423717],[-122.192184,37.423948],[-122.192058,37.424141],[-122.192013,37.424188],[-122.191728,37.424536],[-122.192073,37.425252],[-122.192204,37.425391],[-122.192212,37.425399],[-122.192221,37.425408],[-122.19223,37.425416],[-122.192365,37.425525],[-122.192371,37.425529],[-122.192377,37.425533],[-122.192492,37.425883],[-122.192334,37.426083],[-122.192195,37.426231],[-122.192095,37.426338],[-122.191991,37.426448],[-122.191891,37.426555],[-122.191814,37.426684],[-122.191712,37.426845],[-122.19159,37.427039],[-122.191453,37.427257],[-122.191369,37.427381],[-122.191251,37.427568],[-122.191175,37.42769],[-122.191097,37.427812],[-122.19102,37.427935],[-122.190944,37.428056],[-122.190865,37.428181],[-122.190788,37.428304],[-122.190711,37.428426],[-122.190636,37.428545],[-122.190586,37.428628],[-122.190595,37.428632],[-122.190621,37.428646],[-122.191322,37.429022],[-122.192087,37.429434],[-122.193595,37.430245],[-122.194676,37.43082],[-122.194856,37.430916],[-122.19491,37.430852],[-122.195087,37.430682],[-122.195235,37.430649],[-122.195468,37.430597],[-122.195496,37.43059],[-122.195575,37.430571],[-122.195622,37.430705],[-122.196036,37.430613],[-122.196524,37.430505],[-122.197034,37.432047],[-122.197144,37.432432],[-122.197272,37.432404],[-122.197481,37.432156],[-122.197515,37.432116],[-122.197681,37.432205],[-122.197849,37.432294],[-122.197989,37.432368],[-122.198133,37.432445],[-122.19827,37.432518],[-122.198329,37.432549],[-122.19849,37.432635],[-122.198758,37.432778],[-122.198937,37.432873],[-122.199079,37.432949],[-122.199223,37.433025],[-122.199367,37.433102],[-122.199877,37.433373],[-122.199717,37.433595],[-122.199638,37.433689],[-122.199519,37.43383],[-122.199399,37.433973],[-122.19928,37.434115],[-122.199165,37.434252],[-122.199059,37.434378],[-122.198925,37.434537],[-122.198805,37.43468],[-122.198685,37.434822],[-122.198615,37.434902],[-122.199164,37.435198],[-122.199314,37.435279],[-122.199801,37.435541],[-122.19976,37.43559],[-122.199569,37.435819],[-122.199415,37.435738],[-122.199339,37.435829],[-122.199264,37.435919],[-122.199206,37.435989],[-122.199108,37.436107],[-122.199073,37.43615],[-122.198951,37.436296],[-122.198909,37.436347],[-122.1988,37.436479],[-122.198674,37.436629],[-122.198635,37.436676],[-122.198873,37.436802],[-122.198962,37.436849],[-122.198991,37.436865],[-122.199047,37.436894],[-122.199105,37.436925],[-122.199165,37.436957],[-122.199403,37.437083],[-122.199562,37.436893],[-122.199708,37.43672],[-122.199734,37.436734],[-122.19985,37.436795],[-122.199994,37.436871],[-122.200167,37.436963],[-122.200029,37.437127],[-122.200137,37.437184],[-122.200175,37.437204],[-122.200407,37.437328],[-122.200535,37.437396],[-122.200602,37.437431],[-122.200746,37.437507],[-122.20077,37.43752],[-122.200889,37.437583],[-122.201005,37.437645],[-122.201032,37.437659],[-122.201176,37.437735],[-122.20124,37.43777],[-122.201319,37.437811],[-122.201463,37.437888],[-122.201475,37.437894],[-122.201606,37.437964],[-122.20171,37.438019],[-122.201749,37.43804],[-122.201893,37.438116],[-122.201945,37.438144],[-122.202036,37.438192],[-122.202191,37.438274],[-122.202289,37.438329],[-122.202195,37.438447],[-122.202061,37.438598],[-122.201796,37.438915],[-122.201879,37.438959],[-122.201726,37.439142],[-122.201631,37.439256],[-122.201346,37.439598],[-122.201156,37.439826],[-122.200819,37.440231],[-122.200543,37.440563],[-122.200259,37.440903],[-122.200161,37.440855],[-122.200087,37.440943],[-122.199162,37.442052],[-122.198742,37.442555],[-122.197703,37.443801],[-122.197208,37.444395],[-122.196544,37.445191],[-122.195742,37.446141],[-122.195586,37.446326],[-122.194579,37.447544],[-122.193748,37.448536],[-122.192918,37.449529],[-122.191992,37.450635],[-122.191682,37.451008],[-122.191538,37.45118],[-122.191171,37.45162],[-122.190627,37.452267],[-122.189592,37.453504],[-122.189074,37.454124],[-122.188866,37.454372],[-122.188425,37.4549],[-122.188011,37.455412],[-122.187727,37.455751],[-122.187816,37.455797],[-122.188108,37.455942],[-122.188384,37.456078],[-122.188659,37.456214],[-122.188934,37.45635],[-122.189209,37.456486],[-122.189484,37.456622],[-122.189759,37.456758],[-122.190034,37.456895],[-122.19031,37.457031],[-122.190585,37.457167],[-122.190867,37.457307],[-122.191012,37.457381],[-122.192672,37.458211],[-122.192672,37.458211],[-122.192767,37.458258],[-122.192659,37.45839],[-122.192577,37.458492],[-122.192582,37.458494],[-122.192707,37.458556],[-122.192854,37.458629],[-122.192971,37.458687],[-122.19359,37.458993],[-122.193769,37.459082],[-122.193933,37.459163],[-122.194079,37.459235],[-122.194225,37.459308],[-122.194536,37.459461],[-122.194711,37.459549],[-122.194874,37.459631],[-122.1953,37.459845],[-122.195475,37.459932],[-122.195245,37.460223],[-122.19507,37.460135],[-122.194863,37.460031],[-122.194749,37.460177],[-122.194657,37.460293],[-122.194634,37.460322],[-122.194542,37.460438],[-122.19445,37.460554],[-122.194359,37.460671],[-122.194267,37.460787],[-122.19426,37.460796],[-122.194175,37.460903],[-122.194083,37.461019],[-122.193992,37.461135],[-122.1939,37.461252],[-122.193808,37.461368],[-122.193716,37.461484],[-122.193591,37.461643],[-122.193544,37.461702],[-122.19331,37.461914],[-122.19198,37.461029],[-122.191717,37.46137],[-122.191519,37.461627],[-122.191374,37.461815],[-122.19123,37.462002],[-122.191068,37.462212],[-122.190923,37.462399],[-122.190716,37.462669],[-122.190517,37.462926],[-122.190364,37.463125],[-122.190237,37.463289],[-122.190093,37.463476],[-122.189949,37.463663],[-122.189804,37.46385],[-122.18966,37.464037],[-122.189516,37.464224],[-122.189387,37.464391],[-122.189254,37.464564],[-122.188979,37.464425],[-122.188811,37.464341],[-122.188658,37.464264],[-122.188348,37.464108],[-122.188223,37.464046],[-122.188007,37.463938],[-122.188004,37.463936],[-122.187785,37.463827],[-122.187551,37.463711],[-122.187346,37.46361],[-122.18717,37.463522],[-122.186966,37.463421],[-122.186732,37.463305],[-122.186439,37.46316],[-122.186527,37.463046],[-122.186591,37.462965],[-122.186752,37.462759],[-122.186896,37.462573],[-122.187059,37.462363],[-122.187213,37.462165],[-122.187385,37.461943],[-122.187566,37.461709],[-122.187728,37.461504],[-122.187731,37.4615],[-122.187854,37.461341],[-122.188021,37.461126],[-122.188184,37.460916],[-122.188347,37.460705],[-122.188473,37.460542],[-122.188609,37.460367],[-122.188527,37.460327],[-122.187751,37.459943],[-122.186493,37.45932],[-122.185277,37.458719],[-122.183765,37.45797],[-122.183717,37.457947],[-122.183665,37.458014],[-122.182875,37.45903],[-122.1825,37.459512],[-122.182489,37.459506],[-122.182307,37.45974],[-122.182319,37.459745],[-122.182117,37.460005],[-122.181834,37.460369],[-122.18156,37.460721],[-122.181355,37.460985],[-122.181174,37.461217],[-122.180876,37.461602],[-122.18029,37.461312],[-122.179413,37.460879],[-122.179217,37.460781],[-122.179363,37.460594],[-122.179703,37.460157],[-122.179483,37.460048],[-122.179279,37.459946],[-122.179091,37.459853],[-122.179074,37.459845],[-122.178869,37.459743],[-122.178664,37.459642],[-122.178477,37.459549],[-122.17846,37.45954],[-122.178255,37.459438],[-122.17805,37.459337],[-122.177852,37.459238],[-122.177846,37.459235],[-122.177639,37.459133],[-122.177436,37.459032],[-122.177361,37.458994],[-122.177231,37.45893],[-122.177027,37.458828],[-122.176809,37.45872],[-122.17672,37.458676],[-122.175461,37.460296],[-122.173962,37.459545],[-122.173511,37.460433],[-122.17357,37.460452],[-122.17326,37.461069],[-122.172853,37.460883],[-122.172492,37.460718],[-122.172234,37.4606],[-122.171955,37.460473],[-122.171712,37.460362],[-122.171461,37.460247],[-122.171263,37.460156],[-122.17121,37.460132],[-122.1709,37.45999],[-122.170736,37.459916],[-122.170662,37.459882],[-122.170657,37.459887],[-122.170601,37.459949],[-122.170536,37.460021],[-122.170375,37.460199],[-122.170214,37.460378],[-122.170153,37.460445],[-122.170039,37.460571],[-122.169952,37.460668],[-122.169872,37.460756],[-122.16975,37.460891],[-122.16969,37.460957],[-122.169515,37.461151],[-122.169499,37.461169],[-122.169326,37.46136],[-122.169297,37.461392],[-122.169165,37.461539],[-122.169146,37.461559],[-122.169004,37.461717],[-122.168945,37.461782],[-122.168746,37.462002],[-122.168743,37.462005],[-122.168638,37.462122],[-122.168542,37.462228],[-122.168341,37.46245],[-122.168308,37.462486],[-122.168139,37.462673],[-122.168081,37.462738],[-122.167938,37.462896],[-122.167878,37.462962],[-122.167736,37.463119],[-122.167556,37.463318],[-122.167535,37.463342],[-122.167306,37.463595],[-122.167288,37.463615],[-122.166837,37.463474],[-122.166484,37.463363],[-122.166211,37.463278],[-122.166006,37.463213],[-122.16575,37.463133],[-122.165493,37.463053],[-122.16518,37.462955],[-122.165139,37.462941],[-122.165074,37.463067],[-122.165065,37.463086],[-122.164952,37.463316],[-122.164826,37.463574],[-122.164824,37.463578],[-122.164678,37.463875],[-122.164588,37.464059],[-122.164556,37.464123],[-122.164467,37.464305],[-122.16435,37.464544],[-122.164254,37.464738],[-122.164121,37.46501],[-122.163885,37.465492],[-122.163769,37.465728],[-122.163653,37.465964],[-122.163527,37.46622],[-122.163415,37.46645],[-122.163289,37.466705],[-122.163164,37.466961],[-122.162912,37.467473],[-122.162662,37.467983],[-122.162537,37.468239],[-122.162411,37.468495],[-122.162286,37.468751],[-122.161995,37.469342],[-122.161828,37.469683],[-122.161657,37.470032],[-122.161663,37.470034],[-122.161873,37.470088],[-122.16209,37.470143],[-122.162395,37.470221],[-122.162761,37.470314],[-122.163155,37.470415],[-122.163337,37.47046],[-122.16334,37.470461],[-122.163346,37.470463],[-122.163352,37.470465],[-122.163553,37.470516],[-122.16375,37.470566],[-122.163953,37.470618],[-122.164175,37.470675],[-122.164396,37.470731],[-122.164651,37.470796],[-122.164709,37.470811],[-122.165014,37.470889],[-122.165296,37.470961],[-122.165669,37.471056],[-122.1658,37.471089],[-122.166311,37.471219],[-122.166567,37.471285],[-122.166787,37.471341],[-122.167033,37.471404],[-122.16728,37.471466],[-122.167774,37.471592],[-122.16803,37.47168],[-122.168038,37.471685],[-122.168581,37.472027],[-122.169181,37.472406],[-122.169534,37.472628],[-122.169796,37.472761],[-122.170398,37.473068],[-122.170985,37.473367],[-122.171253,37.473503],[-122.17206,37.473914],[-122.172699,37.474239],[-122.173324,37.474556],[-122.173935,37.474865],[-122.174225,37.475013],[-122.174559,37.475152],[-122.174616,37.47517],[-122.175255,37.475375],[-122.175894,37.47558],[-122.176534,37.475786],[-122.176833,37.475882],[-122.177271,37.47597],[-122.178047,37.476125],[-122.178393,37.476165],[-122.178735,37.476206],[-122.179434,37.476289],[-122.180132,37.476373],[-122.180263,37.476388],[-122.180915,37.476412],[-122.18164,37.476437],[-122.182398,37.476464],[-122.183065,37.476488],[-122.183667,37.476509],[-122.184431,37.476536],[-122.185154,37.476562],[-122.185843,37.476586],[-122.186718,37.476617],[-122.186737,37.476618],[-122.186966,37.476628],[-122.18691,37.476725],[-122.186784,37.476942],[-122.186701,37.477085],[-122.18663,37.477207],[-122.18656,37.477328],[-122.186487,37.477455],[-122.186415,37.477578],[-122.186341,37.477705],[-122.186229,37.477899],[-122.186145,37.478131],[-122.186123,37.47819],[-122.186063,37.478298],[-122.18589,37.478607],[-122.185669,37.478974],[-122.185667,37.478979],[-122.185636,37.479034],[-122.185582,37.479129],[-122.18556,37.479167],[-122.185481,37.479303],[-122.185402,37.47944],[-122.185327,37.479569],[-122.185253,37.479697],[-122.185182,37.47982],[-122.185082,37.479993],[-122.185055,37.48004],[-122.184965,37.480195],[-122.184883,37.480336],[-122.184879,37.480344],[-122.184729,37.480603],[-122.184607,37.480848],[-122.184534,37.480977],[-122.184456,37.481114],[-122.184449,37.481126],[-122.184373,37.48126],[-122.184294,37.4814],[-122.184225,37.481521],[-122.18414,37.481671],[-122.184065,37.481802],[-122.18399,37.481935],[-122.183917,37.482063],[-122.18384,37.482198],[-122.18377,37.482321],[-122.183416,37.482246],[-122.183366,37.481798],[-122.182756,37.482247],[-122.182736,37.482263],[-122.182716,37.482278],[-122.182696,37.482294],[-122.182677,37.48231],[-122.182659,37.482327],[-122.182641,37.482344],[-122.182623,37.482361],[-122.182606,37.482379],[-122.182589,37.482397],[-122.182573,37.482415],[-122.182557,37.482433],[-122.182542,37.482452],[-122.182528,37.482471],[-122.182514,37.48249],[-122.1825,37.48251],[-122.182487,37.48253],[-122.182475,37.48255],[-122.182463,37.48257],[-122.182452,37.48259],[-122.182441,37.482611],[-122.182431,37.482632],[-122.182422,37.482653],[-122.182413,37.482674],[-122.182404,37.482695],[-122.182397,37.482716],[-122.182389,37.482738],[-122.182383,37.482759],[-122.182377,37.482781],[-122.182372,37.482803],[-122.182367,37.482825],[-122.182363,37.482847],[-122.182359,37.482869],[-122.182357,37.482891],[-122.182354,37.482914],[-122.182353,37.482936],[-122.182352,37.482958],[-122.182352,37.48298],[-122.182352,37.483003],[-122.182353,37.483025],[-122.182354,37.483047],[-122.182356,37.483069],[-122.182358,37.48308],[-122.182359,37.483091],[-122.182363,37.483113],[-122.182367,37.483136],[-122.182371,37.483157],[-122.182376,37.483179],[-122.182382,37.483201],[-122.182389,37.483223],[-122.182396,37.483244],[-122.182404,37.483266],[-122.182412,37.483287],[-122.182421,37.483308],[-122.18243,37.483329],[-122.18244,37.483348],[-122.18245,37.483368],[-122.182461,37.483386],[-122.182472,37.483405],[-122.182484,37.483424],[-122.182496,37.483442],[-122.182509,37.48346],[-122.182522,37.483478],[-122.182536,37.483495],[-122.182551,37.483513],[-122.182566,37.483529],[-122.182582,37.483546],[-122.182598,37.483562],[-122.182614,37.483579],[-122.182631,37.483594],[-122.182649,37.48361],[-122.182667,37.483625],[-122.182786,37.48341],[-122.183094,37.483513],[-122.182661,37.484355],[-122.182597,37.484467],[-122.182309,37.484975],[-122.182308,37.484977],[-122.182306,37.484983],[-122.182305,37.484989],[-122.182304,37.484996],[-122.182304,37.485002],[-122.182304,37.485008],[-122.182305,37.485014],[-122.182306,37.48502],[-122.182309,37.485026],[-122.182311,37.485032],[-122.182314,37.485038],[-122.182318,37.485043],[-122.182322,37.485048],[-122.182327,37.485053],[-122.182332,37.485058],[-122.182338,37.485062],[-122.182344,37.485066],[-122.182464,37.485104],[-122.182585,37.485142],[-122.182707,37.485178],[-122.182828,37.485215],[-122.18295,37.485251],[-122.183071,37.485286],[-122.183194,37.485322],[-122.183316,37.485356],[-122.183438,37.48539],[-122.183561,37.485424],[-122.18367,37.485454],[-122.183779,37.485483],[-122.183888,37.485512],[-122.183987,37.485537],[-122.184037,37.48555],[-122.184087,37.485563],[-122.184186,37.485588],[-122.184216,37.485596],[-122.184325,37.485623],[-122.184435,37.48565],[-122.184545,37.485677],[-122.184655,37.485704],[-122.184765,37.48573],[-122.184875,37.485756],[-122.184986,37.485781],[-122.185096,37.485807],[-122.185206,37.485832],[-122.185317,37.485857],[-122.185428,37.485882],[-122.185539,37.485906],[-122.18576,37.485953],[-122.185793,37.485961],[-122.185933,37.48599],[-122.186209,37.486047],[-122.186404,37.486086],[-122.186543,37.486113],[-122.186745,37.486152],[-122.186879,37.486177],[-122.187087,37.486215],[-122.187215,37.486238],[-122.187429,37.486275],[-122.187551,37.486297],[-122.187694,37.486321],[-122.187838,37.486344],[-122.187981,37.486368],[-122.188125,37.48639],[-122.188227,37.486406],[-122.18847,37.486443],[-122.188565,37.486457],[-122.188822,37.486494],[-122.188904,37.486506],[-122.189051,37.486526],[-122.18916,37.486541],[-122.189197,37.486546],[-122.189327,37.486563],[-122.189283,37.486783],[-122.189166,37.48738],[-122.189541,37.487426],[-122.189453,37.487875],[-122.189402,37.488136],[-122.188605,37.48812],[-122.187578,37.488099],[-122.187024,37.488088],[-122.185894,37.488065],[-122.184771,37.488043],[-122.184647,37.48804],[-122.184637,37.488331],[-122.183724,37.488342],[-122.182582,37.488366],[-122.18056,37.487668],[-122.178918,37.487125]]]}},{"type":"Feature","properties":{"NAME":"ATHERTON"},"geometry":{"type":"Polygon","coordinates":[[[-122.194937,37.471425],[-122.194988,37.471183],[-122.194964,37.471181],[-122.194452,37.471146],[-122.194395,37.47124],[-122.19437,37.471281],[-122.194184,37.471209],[-122.193351,37.47088],[-122.193212,37.471105],[-122.193199,37.471127],[-122.193084,37.471315],[-122.193048,37.471374],[-122.192986,37.471475],[-122.192935,37.471559],[-122.192864,37.471674],[-122.192829,37.471731],[-122.192794,37.471788],[-122.192677,37.471978],[-122.192653,37.472019],[-122.192526,37.472225],[-122.192511,37.47225],[-122.192368,37.472483],[-122.192331,37.472544],[-122.192227,37.472712],[-122.192224,37.472717],[-122.192218,37.472714],[-122.19191,37.472593],[-122.191553,37.472452],[-122.191367,37.472379],[-122.191366,37.472378],[-122.191039,37.472249],[-122.190705,37.472117],[-122.190572,37.472065],[-122.190502,37.472037],[-122.190248,37.471936],[-122.189778,37.471751],[-122.18972,37.471728],[-122.189709,37.471748],[-122.188944,37.473071],[-122.188808,37.473021],[-122.188506,37.473545],[-122.18824,37.474007],[-122.187918,37.474566],[-122.187569,37.475173],[-122.187246,37.475734],[-122.186962,37.476228],[-122.186737,37.476618],[-122.186718,37.476617],[-122.185843,37.476586],[-122.185154,37.476562],[-122.184431,37.476536],[-122.183667,37.476509],[-122.183065,37.476488],[-122.182398,37.476464],[-122.18164,37.476437],[-122.180915,37.476412],[-122.180263,37.476388],[-122.180132,37.476373],[-122.179434,37.476289],[-122.178735,37.476206],[-122.178393,37.476165],[-122.178047,37.476125],[-122.177271,37.47597],[-122.176833,37.475882],[-122.176534,37.475786],[-122.175894,37.47558],[-122.175255,37.475375],[-122.174616,37.47517],[-122.174559,37.475152],[-122.174225,37.475013],[-122.173935,37.474865],[-122.173324,37.474556],[-122.172699,37.474239],[-122.17206,37.473914],[-122.171253,37.473503],[-122.170985,37.473367],[-122.170398,37.473068],[-122.169796,37.472761],[-122.169534,37.472628],[-122.169181,37.472406],[-122.168581,37.472027],[-122.168038,37.471685],[-122.16803,37.47168],[-122.168024,37.471675],[-122.168018,37.471669],[-122.168012,37.471663],[-122.168009,37.47166],[-122.168007,37.471657],[-122.168002,37.471651],[-122.167998,37.471644],[-122.167994,37.471637],[-122.167991,37.47163],[-122.167989,37.471623],[-122.167987,37.471616],[-122.167986,37.471609],[-122.167985,37.471601],[-122.167985,37.471594],[-122.167986,37.471587],[-122.167987,37.471579],[-122.167989,37.471572],[-122.167992,37.471565],[-122.167995,37.471558],[-122.168163,37.471222],[-122.168309,37.47093],[-122.168312,37.470924],[-122.16847,37.470611],[-122.168473,37.470604],[-122.168476,37.470597],[-122.168637,37.470275],[-122.168698,37.470152],[-122.168701,37.470147],[-122.169033,37.469484],[-122.169339,37.468875],[-122.169439,37.468676],[-122.169441,37.468671],[-122.16965,37.468255],[-122.169899,37.467759],[-122.169989,37.46758],[-122.170243,37.467076],[-122.170526,37.466511],[-122.170843,37.465881],[-122.170921,37.465703],[-122.171098,37.465355],[-122.171296,37.464963],[-122.171461,37.464638],[-122.171528,37.464506],[-122.171717,37.464133],[-122.171921,37.463731],[-122.173182,37.461223],[-122.17326,37.461069],[-122.17357,37.460452],[-122.173511,37.460433],[-122.173962,37.459545],[-122.175461,37.460296],[-122.17672,37.458676],[-122.176809,37.45872],[-122.177027,37.458828],[-122.177231,37.45893],[-122.177361,37.458994],[-122.177436,37.459032],[-122.177639,37.459133],[-122.177846,37.459235],[-122.177852,37.459238],[-122.17805,37.459337],[-122.178255,37.459438],[-122.17846,37.45954],[-122.178477,37.459549],[-122.178664,37.459642],[-122.178869,37.459743],[-122.179074,37.459845],[-122.179091,37.459853],[-122.179279,37.459946],[-122.179483,37.460048],[-122.179703,37.460157],[-122.179363,37.460594],[-122.179217,37.460781],[-122.179413,37.460879],[-122.18029,37.461312],[-122.180876,37.461602],[-122.181174,37.461217],[-122.181355,37.460985],[-122.18156,37.460721],[-122.181834,37.460369],[-122.182117,37.460005],[-122.182319,37.459745],[-122.182307,37.45974],[-122.182489,37.459506],[-122.1825,37.459512],[-122.182875,37.45903],[-122.183665,37.458014],[-122.183717,37.457947],[-122.183765,37.45797],[-122.185277,37.458719],[-122.186493,37.45932],[-122.187751,37.459943],[-122.188527,37.460327],[-122.188609,37.460367],[-122.188473,37.460542],[-122.188347,37.460705],[-122.188184,37.460916],[-122.188021,37.461126],[-122.187854,37.461341],[-122.187731,37.4615],[-122.187728,37.461504],[-122.187566,37.461709],[-122.187385,37.461943],[-122.187213,37.462165],[-122.187059,37.462363],[-122.186896,37.462573],[-122.186752,37.462759],[-122.186591,37.462965],[-122.186527,37.463046],[-122.186439,37.46316],[-122.186732,37.463305],[-122.186966,37.463421],[-122.18717,37.463522],[-122.187346,37.46361],[-122.187551,37.463711],[-122.187785,37.463827],[-122.188004,37.463936],[-122.188007,37.463938],[-122.188223,37.464046],[-122.188348,37.464108],[-122.188658,37.464264],[-122.188811,37.464341],[-122.188979,37.464425],[-122.189254,37.464564],[-122.189387,37.464391],[-122.189516,37.464224],[-122.18966,37.464037],[-122.189804,37.46385],[-122.189949,37.463663],[-122.190093,37.463476],[-122.190237,37.463289],[-122.190364,37.463125],[-122.190517,37.462926],[-122.190716,37.462669],[-122.190923,37.462399],[-122.191068,37.462212],[-122.19123,37.462002],[-122.191374,37.461815],[-122.191519,37.461627],[-122.191717,37.46137],[-122.19198,37.461029],[-122.19331,37.461914],[-122.193544,37.461702],[-122.193591,37.461643],[-122.193716,37.461484],[-122.193808,37.461368],[-122.1939,37.461252],[-122.193992,37.461135],[-122.194083,37.461019],[-122.194175,37.460903],[-122.19426,37.460796],[-122.194267,37.460787],[-122.194359,37.460671],[-122.19445,37.460554],[-122.194542,37.460438],[-122.194634,37.460322],[-122.194657,37.460293],[-122.194749,37.460177],[-122.194863,37.460031],[-122.19507,37.460135],[-122.195245,37.460223],[-122.195475,37.459932],[-122.1953,37.459845],[-122.194874,37.459631],[-122.194711,37.459549],[-122.194536,37.459461],[-122.194225,37.459308],[-122.194079,37.459235],[-122.193933,37.459163],[-122.193769,37.459082],[-122.19359,37.458993],[-122.192971,37.458687],[-122.192854,37.458629],[-122.192707,37.458556],[-122.192582,37.458494],[-122.192577,37.458492],[-122.192659,37.45839],[-122.192767,37.458258],[-122.192672,37.458211],[-122.192672,37.458211],[-122.191012,37.457381],[-122.190867,37.457307],[-122.190585,37.457167],[-122.19031,37.457031],[-122.190034,37.456895],[-122.189759,37.456758],[-122.189484,37.456622],[-122.189209,37.456486],[-122.188934,37.45635],[-122.188659,37.456214],[-122.188384,37.456078],[-122.188108,37.455942],[-122.187816,37.455797],[-122.187727,37.455751],[-122.188011,37.455412],[-122.188425,37.4549],[-122.188866,37.454372],[-122.189074,37.454124],[-122.189592,37.453504],[-122.190627,37.452267],[-122.191171,37.45162],[-122.191538,37.45118],[-122.191682,37.451008],[-122.191992,37.450635],[-122.192918,37.449529],[-122.193748,37.448536],[-122.194579,37.447544],[-122.195586,37.446326],[-122.195742,37.446141],[-122.196544,37.445191],[-122.197208,37.444395],[-122.197703,37.443801],[-122.198742,37.442555],[-122.199162,37.442052],[-122.200087,37.440943],[-122.200161,37.440855],[-122.200259,37.440903],[-122.200543,37.440563],[-122.200819,37.440231],[-122.201156,37.439826],[-122.201346,37.439598],[-122.201631,37.439256],[-122.201726,37.439142],[-122.201879,37.438959],[-122.202223,37.439141],[-122.202247,37.439154],[-122.20264,37.439362],[-122.202774,37.439202],[-122.202995,37.439319],[-122.203179,37.439122],[-122.203206,37.439133],[-122.203482,37.439246],[-122.203792,37.439373],[-122.203915,37.43944],[-122.204116,37.439577],[-122.204408,37.439777],[-122.20458,37.439894],[-122.204975,37.440164],[-122.205299,37.440386],[-122.205305,37.440334],[-122.205348,37.440151],[-122.205373,37.440083],[-122.205414,37.439973],[-122.205543,37.440012],[-122.205997,37.440177],[-122.206198,37.44025],[-122.206205,37.440252],[-122.206372,37.440313],[-122.206575,37.440387],[-122.206603,37.440339],[-122.206706,37.440232],[-122.206746,37.440142],[-122.206769,37.440093],[-122.206769,37.440092],[-122.206794,37.439938],[-122.20698,37.439845],[-122.207518,37.440219],[-122.207619,37.44013],[-122.207859,37.43992],[-122.208025,37.439774],[-122.208577,37.439295],[-122.208869,37.439039],[-122.208972,37.438948],[-122.209257,37.438698],[-122.209407,37.438567],[-122.209628,37.438373],[-122.209813,37.438211],[-122.210107,37.437953],[-122.210109,37.437951],[-122.210907,37.438365],[-122.210932,37.438378],[-122.210958,37.438344],[-122.21213,37.436933],[-122.213275,37.435573],[-122.213278,37.43555],[-122.213339,37.435477],[-122.212913,37.435254],[-122.212755,37.435171],[-122.212482,37.435027],[-122.21218,37.434869],[-122.212252,37.434799],[-122.212435,37.434622],[-122.21262,37.434443],[-122.212683,37.434381],[-122.212738,37.434264],[-122.212813,37.434103],[-122.212883,37.433954],[-122.212974,37.433758],[-122.213002,37.433699],[-122.213024,37.433652],[-122.212913,37.433488],[-122.213388,37.433217],[-122.213396,37.433213],[-122.213405,37.433209],[-122.213413,37.433205],[-122.213422,37.433202],[-122.213431,37.4332],[-122.213441,37.433198],[-122.21345,37.433196],[-122.21346,37.433195],[-122.21347,37.433194],[-122.213479,37.433194],[-122.213489,37.433194],[-122.213499,37.433195],[-122.213508,37.433196],[-122.213518,37.433198],[-122.213527,37.4332],[-122.213536,37.433203],[-122.213545,37.433206],[-122.213554,37.43321],[-122.213562,37.433214],[-122.21357,37.433218],[-122.213578,37.433223],[-122.213585,37.433228],[-122.213592,37.433234],[-122.21368,37.43331],[-122.21377,37.433268],[-122.214005,37.433159],[-122.213937,37.433114],[-122.213388,37.432747],[-122.213662,37.432721],[-122.213894,37.432429],[-122.213877,37.432412],[-122.213919,37.432362],[-122.213921,37.432359],[-122.213919,37.432358],[-122.213923,37.432354],[-122.214347,37.431841],[-122.214759,37.431341],[-122.215123,37.430899],[-122.215181,37.430829],[-122.215474,37.430475],[-122.215731,37.430164],[-122.216208,37.42959],[-122.216395,37.429367],[-122.216668,37.42904],[-122.217031,37.428605],[-122.217562,37.42797],[-122.217574,37.427956],[-122.218032,37.428425],[-122.218517,37.428492],[-122.218607,37.428505],[-122.218969,37.428954],[-122.21898,37.428968],[-122.219187,37.428861],[-122.219907,37.42849],[-122.220973,37.42794],[-122.221078,37.427814],[-122.221129,37.427754],[-122.22152,37.427288],[-122.221615,37.427203],[-122.222201,37.426676],[-122.222731,37.426198],[-122.222749,37.426169],[-122.223116,37.425599],[-122.223301,37.425313],[-122.223526,37.425101],[-122.224058,37.424598],[-122.224568,37.424117],[-122.225128,37.42435],[-122.225211,37.424384],[-122.225525,37.424715],[-122.225542,37.424732],[-122.225619,37.424741],[-122.225621,37.42474],[-122.225706,37.424735],[-122.227429,37.424736],[-122.228433,37.424737],[-122.228452,37.424737],[-122.22856,37.424746],[-122.229458,37.424822],[-122.229133,37.425283],[-122.228867,37.425681],[-122.228573,37.426122],[-122.228282,37.42656],[-122.227983,37.427008],[-122.227453,37.426931],[-122.226983,37.427537],[-122.226665,37.427947],[-122.226153,37.428605],[-122.226037,37.428755],[-122.226966,37.429181],[-122.227644,37.429492],[-122.227643,37.429495],[-122.227588,37.4296],[-122.226536,37.430057],[-122.228043,37.430679],[-122.229613,37.430494],[-122.230411,37.4304],[-122.232043,37.431129],[-122.233684,37.432376],[-122.23343,37.433801],[-122.233049,37.434128],[-122.232843,37.43427],[-122.232167,37.434738],[-122.231913,37.434598],[-122.231351,37.435323],[-122.231569,37.435434],[-122.231358,37.435692],[-122.231242,37.435833],[-122.230994,37.436135],[-122.230762,37.436429],[-122.230601,37.436634],[-122.230426,37.436856],[-122.230241,37.437091],[-122.230261,37.43711],[-122.230721,37.43754],[-122.230988,37.43779],[-122.231037,37.437836],[-122.231114,37.437906],[-122.231111,37.437917],[-122.23111,37.437925],[-122.23111,37.437929],[-122.23111,37.437941],[-122.231111,37.437952],[-122.231113,37.437964],[-122.231115,37.437975],[-122.231117,37.437987],[-122.231121,37.438001],[-122.231186,37.438249],[-122.231193,37.438278],[-122.231267,37.43856],[-122.231273,37.438584],[-122.231279,37.438608],[-122.231284,37.438632],[-122.231288,37.438656],[-122.231291,37.438681],[-122.231294,37.438705],[-122.231297,37.438729],[-122.231298,37.438753],[-122.2313,37.438778],[-122.2313,37.438802],[-122.2313,37.438826],[-122.231299,37.438851],[-122.231298,37.438875],[-122.231297,37.438901],[-122.231295,37.438924],[-122.231294,37.438946],[-122.231293,37.438952],[-122.231293,37.438956],[-122.231291,37.438975],[-122.23129,37.43898],[-122.231287,37.439001],[-122.231284,37.43902],[-122.231283,37.439027],[-122.231283,37.439031],[-122.231281,37.439043],[-122.231279,37.439053],[-122.231278,37.439062],[-122.231276,37.439073],[-122.231274,37.439081],[-122.231274,37.439082],[-122.231269,37.439107],[-122.231268,37.439109],[-122.231264,37.439126],[-122.231218,37.439209],[-122.231209,37.43923],[-122.231199,37.439251],[-122.231189,37.439272],[-122.231178,37.439293],[-122.231167,37.439314],[-122.231156,37.439334],[-122.231144,37.439354],[-122.230993,37.4396],[-122.230993,37.439601],[-122.23098,37.439623],[-122.230968,37.439644],[-122.230956,37.439666],[-122.230945,37.439688],[-122.230935,37.43971],[-122.230925,37.439732],[-122.230915,37.439754],[-122.230907,37.439777],[-122.230898,37.439799],[-122.230891,37.439822],[-122.230884,37.439845],[-122.230877,37.439868],[-122.230871,37.439891],[-122.230866,37.439914],[-122.230861,37.439938],[-122.230857,37.439961],[-122.230854,37.439984],[-122.230851,37.440008],[-122.230848,37.440031],[-122.230846,37.440055],[-122.230846,37.440061],[-122.230845,37.440066],[-122.230843,37.440072],[-122.23084,37.440077],[-122.230837,37.440083],[-122.230834,37.440088],[-122.23083,37.440092],[-122.230825,37.440097],[-122.23082,37.440101],[-122.230815,37.440105],[-122.230809,37.440108],[-122.230803,37.440111],[-122.230796,37.440114],[-122.23079,37.440116],[-122.230783,37.440118],[-122.230776,37.440119],[-122.230768,37.44012],[-122.230761,37.44012],[-122.230754,37.44012],[-122.230747,37.440119],[-122.23074,37.440118],[-122.230733,37.440117],[-122.230726,37.440114],[-122.230719,37.440112],[-122.230713,37.440109],[-122.230707,37.440106],[-122.230391,37.439909],[-122.230335,37.439874],[-122.230303,37.439856],[-122.230271,37.439838],[-122.230239,37.439821],[-122.230206,37.439804],[-122.230173,37.439787],[-122.23014,37.439771],[-122.230106,37.439756],[-122.230072,37.439741],[-122.230038,37.439726],[-122.230003,37.439712],[-122.229969,37.439698],[-122.229933,37.439684],[-122.229898,37.439671],[-122.229862,37.439659],[-122.229826,37.439647],[-122.22979,37.439636],[-122.229754,37.439624],[-122.229717,37.439614],[-122.22968,37.439604],[-122.229643,37.439594],[-122.229606,37.439585],[-122.229569,37.439576],[-122.229531,37.439568],[-122.229494,37.439561],[-122.229457,37.439554],[-122.22942,37.439547],[-122.229383,37.439541],[-122.229346,37.439536],[-122.229308,37.439531],[-122.229271,37.439526],[-122.229233,37.439522],[-122.229195,37.439518],[-122.229158,37.439515],[-122.22912,37.439512],[-122.229082,37.43951],[-122.229044,37.439508],[-122.229006,37.439507],[-122.228968,37.439506],[-122.22893,37.439506],[-122.228892,37.439506],[-122.228854,37.439507],[-122.228816,37.439508],[-122.228778,37.43951],[-122.22874,37.439512],[-122.228702,37.439515],[-122.228664,37.439518],[-122.228627,37.439521],[-122.228589,37.439525],[-122.228551,37.43953],[-122.228514,37.439535],[-122.228477,37.43954],[-122.228439,37.439546],[-122.228407,37.439552],[-122.228375,37.439558],[-122.228342,37.439564],[-122.22831,37.439571],[-122.228278,37.439578],[-122.228193,37.439686],[-122.228071,37.439828],[-122.227784,37.440194],[-122.227378,37.440713],[-122.227341,37.440759],[-122.227022,37.441167],[-122.227119,37.441214],[-122.226566,37.44193],[-122.225036,37.443914],[-122.225032,37.443919],[-122.225026,37.443927],[-122.224982,37.443986],[-122.224935,37.444046],[-122.22498,37.444074],[-122.224862,37.444226],[-122.224727,37.444399],[-122.224611,37.444547],[-122.224583,37.444583],[-122.224467,37.44473],[-122.224351,37.44488],[-122.224303,37.444941],[-122.224183,37.445094],[-122.224055,37.445258],[-122.22397,37.445367],[-122.22381,37.445571],[-122.223692,37.445722],[-122.22359,37.445854],[-122.223452,37.446029],[-122.223203,37.446349],[-122.222984,37.446629],[-122.222853,37.446797],[-122.222748,37.446907],[-122.222646,37.447036],[-122.222532,37.44718],[-122.222375,37.447379],[-122.222253,37.447534],[-122.222113,37.447713],[-122.2219,37.447983],[-122.221783,37.448131],[-122.221582,37.448387],[-122.221448,37.448556],[-122.221322,37.448717],[-122.2212,37.448871],[-122.221091,37.449009],[-122.220986,37.449143],[-122.22086,37.449303],[-122.220767,37.449421],[-122.220493,37.449769],[-122.2204,37.449886],[-122.220315,37.449994],[-122.220079,37.450294],[-122.219964,37.45044],[-122.219858,37.450575],[-122.219761,37.45069],[-122.219533,37.450982],[-122.219427,37.451117],[-122.219336,37.451234],[-122.219244,37.451351],[-122.21905,37.451599],[-122.218958,37.451718],[-122.218716,37.452026],[-122.218598,37.452177],[-122.218402,37.452428],[-122.218314,37.452549],[-122.218119,37.452797],[-122.217895,37.45308],[-122.217805,37.453195],[-122.217597,37.453458],[-122.217364,37.453752],[-122.217534,37.453874],[-122.217636,37.453947],[-122.217744,37.454025],[-122.217893,37.454132],[-122.218052,37.454246],[-122.218257,37.454393],[-122.218462,37.45454],[-122.218634,37.454664],[-122.21877,37.454761],[-122.218882,37.454842],[-122.219015,37.454937],[-122.219153,37.455036],[-122.219257,37.455111],[-122.219458,37.455255],[-122.219564,37.455331],[-122.21968,37.455414],[-122.219874,37.455554],[-122.220028,37.455664],[-122.220157,37.455757],[-122.220285,37.455848],[-122.220387,37.455922],[-122.220537,37.45603],[-122.220427,37.45616],[-122.220622,37.456255],[-122.220602,37.456278],[-122.221025,37.45658],[-122.221266,37.456751],[-122.221316,37.456787],[-122.221621,37.457005],[-122.222001,37.457276],[-122.221756,37.457578],[-122.22171,37.457635],[-122.221704,37.457643],[-122.22142,37.457994],[-122.220976,37.458545],[-122.220922,37.458612],[-122.220774,37.458795],[-122.220636,37.458966],[-122.220586,37.459026],[-122.220403,37.459249],[-122.220341,37.459324],[-122.220187,37.459512],[-122.220158,37.459548],[-122.220068,37.459658],[-122.21998,37.459766],[-122.219897,37.459867],[-122.219812,37.459971],[-122.219724,37.460078],[-122.219642,37.460179],[-122.219639,37.460183],[-122.219589,37.460244],[-122.219586,37.460247],[-122.21958,37.460255],[-122.219559,37.46028],[-122.219554,37.460286],[-122.219535,37.46031],[-122.21947,37.46039],[-122.219387,37.460491],[-122.219301,37.460596],[-122.219267,37.460638],[-122.219263,37.460643],[-122.219217,37.460699],[-122.219132,37.460803],[-122.219113,37.460826],[-122.219058,37.460987],[-122.219021,37.461092],[-122.21902,37.461094],[-122.219017,37.461105],[-122.218975,37.461224],[-122.218935,37.461343],[-122.218894,37.461462],[-122.218868,37.461536],[-122.218867,37.461538],[-122.21885,37.461583],[-122.218849,37.461587],[-122.21881,37.461704],[-122.218768,37.461825],[-122.218729,37.461942],[-122.218688,37.462063],[-122.218648,37.462184],[-122.218643,37.4622],[-122.218612,37.462291],[-122.218576,37.462399],[-122.218533,37.462527],[-122.218493,37.462646],[-122.218452,37.462768],[-122.218411,37.46289],[-122.21837,37.46301],[-122.218337,37.463109],[-122.218269,37.463313],[-122.218153,37.463656],[-122.21814,37.463696],[-122.218122,37.463749],[-122.217729,37.464223],[-122.217658,37.464308],[-122.217574,37.464404],[-122.217565,37.464416],[-122.217394,37.46463],[-122.217075,37.465031],[-122.217073,37.465033],[-122.216999,37.465125],[-122.216991,37.465122],[-122.2169,37.465084],[-122.216388,37.464873],[-122.216215,37.464805],[-122.21602,37.46505],[-122.215873,37.465233],[-122.215745,37.465393],[-122.215741,37.465398],[-122.215465,37.465744],[-122.215354,37.465883],[-122.215345,37.465894],[-122.215138,37.466153],[-122.214822,37.466549],[-122.214469,37.466988],[-122.214036,37.467531],[-122.21369,37.467963],[-122.21378,37.468028],[-122.213368,37.468545],[-122.213239,37.468706],[-122.213183,37.468778],[-122.213038,37.468959],[-122.212998,37.469009],[-122.212817,37.469235],[-122.212571,37.469544],[-122.212454,37.469698],[-122.212428,37.469679],[-122.21197,37.469347],[-122.211863,37.469267],[-122.210872,37.468528],[-122.210767,37.468453],[-122.209867,37.467817],[-122.209791,37.467762],[-122.209027,37.467193],[-122.208037,37.466458],[-122.207958,37.466402],[-122.207676,37.4662],[-122.20765,37.466181],[-122.207553,37.466106],[-122.206865,37.465619],[-122.206658,37.465472],[-122.206129,37.465161],[-122.206063,37.465242],[-122.206011,37.465304],[-122.205959,37.465371],[-122.205736,37.46565],[-122.205592,37.465831],[-122.20549,37.465957],[-122.205396,37.466076],[-122.205392,37.466081],[-122.205388,37.466085],[-122.205211,37.466308],[-122.205189,37.466335],[-122.205034,37.466529],[-122.205023,37.466543],[-122.204926,37.466664],[-122.204856,37.466752],[-122.204831,37.466783],[-122.204725,37.466916],[-122.20469,37.46696],[-122.204588,37.467088],[-122.204523,37.467169],[-122.204471,37.467234],[-122.204462,37.467246],[-122.204338,37.467401],[-122.204279,37.467475],[-122.20427,37.467486],[-122.20418,37.4676],[-122.204147,37.46764],[-122.204091,37.467711],[-122.203991,37.467836],[-122.203903,37.467946],[-122.203719,37.468177],[-122.203714,37.468183],[-122.203583,37.468358],[-122.202961,37.467965],[-122.20204,37.467382],[-122.201648,37.467871],[-122.201277,37.468334],[-122.200906,37.468797],[-122.20055,37.469241],[-122.200319,37.469529],[-122.200206,37.469669],[-122.199874,37.470084],[-122.199855,37.470108],[-122.199797,37.470185],[-122.199774,37.470181],[-122.199506,37.470134],[-122.198154,37.472371],[-122.197993,37.472641],[-122.195541,37.471688],[-122.195465,37.471633],[-122.194937,37.471425]]]}},{"type":"Feature","properties":{"NAME":"REDWOOD CITY"},"geometry":{"type":"Polygon","coordinates":[[[-122.262863,37.46289],[-122.262967,37.46297],[-122.263153,37.463114],[-122.263274,37.463208],[-122.2633,37.463228],[-122.263438,37.463337],[-122.263557,37.463427],[-122.263682,37.463523],[-122.263793,37.463609],[-122.263833,37.463641],[-122.263671,37.463771],[-122.26366,37.463767],[-122.263649,37.463763],[-122.263638,37.46376],[-122.263626,37.463758],[-122.263615,37.463755],[-122.263603,37.463754],[-122.263591,37.463753],[-122.263579,37.463752],[-122.263567,37.463752],[-122.263555,37.463752],[-122.263543,37.463753],[-122.263531,37.463754],[-122.263519,37.463756],[-122.263508,37.463759],[-122.263496,37.463761],[-122.263485,37.463765],[-122.263474,37.463768],[-122.263463,37.463773],[-122.263452,37.463777],[-122.263442,37.463783],[-122.263433,37.463788],[-122.263423,37.463794],[-122.263414,37.4638],[-122.263405,37.463807],[-122.263397,37.463814],[-122.26339,37.463822],[-122.263383,37.463829],[-122.263017,37.464213],[-122.263008,37.464223],[-122.262998,37.464232],[-122.262988,37.464242],[-122.262977,37.464251],[-122.262966,37.464259],[-122.262955,37.464268],[-122.262943,37.464276],[-122.262931,37.464283],[-122.262918,37.46429],[-122.262906,37.464297],[-122.262892,37.464304],[-122.262879,37.46431],[-122.262865,37.464315],[-122.262851,37.464321],[-122.262837,37.464325],[-122.262822,37.46433],[-122.262808,37.464334],[-122.262793,37.464337],[-122.262778,37.46434],[-122.262763,37.464343],[-122.262748,37.464345],[-122.262423,37.463247],[-122.262539,37.463153],[-122.262648,37.463064],[-122.262744,37.462986],[-122.262863,37.46289]]]}},{"type":"Feature","properties":{"NAME":"REDWOOD CITY"},"geometry":{"type":"Polygon","coordinates":[[[-122.178092,37.566719],[-122.178086,37.563123],[-122.178087,37.559498],[-122.168994,37.559499],[-122.168965,37.555926],[-122.161784,37.555923],[-122.158565,37.555919],[-122.150885,37.549452],[-122.149458,37.54825],[-122.149104,37.547967],[-122.148947,37.547841],[-122.148925,37.547823],[-122.144921,37.542829],[-122.137509,37.533581],[-122.13751,37.533581],[-122.14121,37.533662],[-122.149549,37.533843],[-122.149867,37.526489],[-122.149868,37.526487],[-122.149868,37.526484],[-122.149869,37.526483],[-122.151653,37.523861],[-122.154632,37.519441],[-122.159361,37.512353],[-122.164138,37.505223],[-122.164203,37.501563],[-122.165744,37.501447],[-122.165687,37.500871],[-122.165647,37.500475],[-122.165671,37.500255],[-122.166075,37.500089],[-122.165822,37.499827],[-122.165778,37.499599],[-122.165797,37.498952],[-122.166121,37.498517],[-122.167905,37.497012],[-122.168656,37.4967],[-122.169945,37.496123],[-122.171168,37.496211],[-122.172492,37.496454],[-122.173464,37.496578],[-122.17355,37.496894],[-122.173685,37.496867],[-122.173829,37.49671],[-122.174381,37.496807],[-122.176362,37.498109],[-122.176858,37.498376],[-122.177168,37.498606],[-122.177172,37.49845],[-122.178196,37.498465],[-122.178445,37.487373],[-122.178453,37.486976],[-122.178614,37.487025],[-122.180284,37.487573],[-122.182582,37.488366],[-122.183724,37.488342],[-122.184637,37.488331],[-122.184647,37.48804],[-122.184771,37.488043],[-122.185894,37.488065],[-122.187024,37.488088],[-122.187578,37.488099],[-122.188605,37.48812],[-122.189402,37.488136],[-122.189911,37.48815],[-122.191184,37.488184],[-122.192715,37.488222],[-122.192743,37.488078],[-122.193042,37.486563],[-122.19308,37.486372],[-122.19312,37.486172],[-122.193019,37.486159],[-122.192787,37.48613],[-122.191638,37.485987],[-122.189978,37.485781],[-122.189689,37.485744],[-122.189668,37.485841],[-122.189648,37.485935],[-122.189637,37.48599],[-122.18954,37.486452],[-122.189538,37.48646],[-122.189535,37.486468],[-122.189532,37.486476],[-122.189528,37.486483],[-122.189524,37.486491],[-122.189519,37.486498],[-122.189514,37.486505],[-122.189508,37.486512],[-122.189501,37.486518],[-122.189494,37.486524],[-122.189487,37.48653],[-122.189479,37.486535],[-122.189471,37.486541],[-122.189462,37.486545],[-122.189453,37.486549],[-122.189444,37.486553],[-122.189435,37.486556],[-122.189425,37.486559],[-122.189415,37.486562],[-122.189405,37.486564],[-122.189395,37.486565],[-122.189384,37.486566],[-122.189374,37.486566],[-122.189364,37.486566],[-122.189353,37.486566],[-122.189343,37.486565],[-122.189327,37.486563],[-122.189197,37.486546],[-122.18916,37.486541],[-122.189051,37.486526],[-122.188904,37.486506],[-122.188822,37.486494],[-122.188565,37.486457],[-122.18847,37.486443],[-122.188227,37.486406],[-122.188125,37.48639],[-122.187981,37.486368],[-122.187838,37.486344],[-122.187694,37.486321],[-122.187551,37.486296],[-122.187429,37.486275],[-122.187215,37.486238],[-122.187087,37.486215],[-122.186879,37.486176],[-122.186745,37.486151],[-122.186543,37.486113],[-122.186404,37.486086],[-122.186209,37.486047],[-122.185933,37.48599],[-122.185793,37.48596],[-122.18576,37.485953],[-122.185539,37.485906],[-122.185428,37.485881],[-122.185317,37.485857],[-122.185206,37.485832],[-122.185096,37.485807],[-122.184986,37.485781],[-122.184875,37.485756],[-122.184765,37.48573],[-122.184655,37.485703],[-122.184545,37.485677],[-122.184435,37.48565],[-122.184325,37.485623],[-122.184216,37.485596],[-122.184186,37.485588],[-122.184087,37.485563],[-122.183987,37.485537],[-122.183888,37.485511],[-122.183779,37.485483],[-122.18367,37.485453],[-122.183561,37.485424],[-122.183438,37.48539],[-122.183316,37.485356],[-122.183194,37.485321],[-122.183071,37.485286],[-122.18295,37.485251],[-122.182828,37.485215],[-122.182707,37.485178],[-122.182585,37.485141],[-122.182464,37.485104],[-122.182344,37.485066],[-122.182338,37.485062],[-122.182332,37.485058],[-122.182327,37.485053],[-122.182322,37.485048],[-122.182318,37.485043],[-122.182314,37.485038],[-122.182311,37.485032],[-122.182308,37.485026],[-122.182306,37.48502],[-122.182305,37.485014],[-122.182304,37.485008],[-122.182304,37.485002],[-122.182304,37.484996],[-122.182305,37.484989],[-122.182306,37.484983],[-122.182308,37.484977],[-122.182309,37.484975],[-122.182597,37.484467],[-122.182661,37.484355],[-122.183094,37.483512],[-122.182786,37.48341],[-122.182667,37.483625],[-122.182649,37.483609],[-122.182631,37.483594],[-122.182614,37.483578],[-122.182598,37.483562],[-122.182582,37.483546],[-122.182566,37.483529],[-122.182551,37.483512],[-122.182536,37.483495],[-122.182522,37.483478],[-122.182509,37.48346],[-122.182496,37.483442],[-122.182484,37.483424],[-122.182472,37.483405],[-122.182461,37.483386],[-122.18245,37.483367],[-122.18244,37.483348],[-122.18243,37.483329],[-122.182421,37.483308],[-122.182412,37.483287],[-122.182404,37.483266],[-122.182396,37.483244],[-122.182389,37.483223],[-122.182382,37.483201],[-122.182376,37.483179],[-122.182371,37.483157],[-122.182367,37.483135],[-122.182363,37.483113],[-122.182359,37.483091],[-122.182358,37.48308],[-122.182356,37.483069],[-122.182354,37.483047],[-122.182353,37.483025],[-122.182352,37.483002],[-122.182352,37.48298],[-122.182352,37.482958],[-122.182353,37.482936],[-122.182354,37.482913],[-122.182357,37.482891],[-122.182359,37.482869],[-122.182363,37.482847],[-122.182367,37.482825],[-122.182372,37.482803],[-122.182377,37.482781],[-122.182383,37.482759],[-122.182389,37.482738],[-122.182397,37.482716],[-122.182404,37.482695],[-122.182413,37.482673],[-122.182422,37.482652],[-122.182431,37.482631],[-122.182441,37.482611],[-122.182452,37.48259],[-122.182463,37.48257],[-122.182475,37.48255],[-122.182487,37.48253],[-122.1825,37.48251],[-122.182514,37.48249],[-122.182528,37.482471],[-122.182542,37.482452],[-122.182557,37.482433],[-122.182573,37.482415],[-122.182589,37.482397],[-122.182606,37.482379],[-122.182623,37.482361],[-122.182641,37.482344],[-122.182659,37.482327],[-122.182677,37.48231],[-122.182696,37.482294],[-122.182716,37.482278],[-122.182736,37.482262],[-122.182756,37.482247],[-122.183366,37.481798],[-122.183416,37.482246],[-122.18377,37.482321],[-122.18384,37.482198],[-122.183917,37.482062],[-122.18399,37.481935],[-122.184065,37.481802],[-122.18414,37.48167],[-122.184225,37.481521],[-122.184294,37.4814],[-122.184373,37.48126],[-122.184449,37.481126],[-122.184456,37.481114],[-122.184534,37.480977],[-122.184607,37.480848],[-122.184729,37.480603],[-122.184879,37.480344],[-122.184883,37.480336],[-122.184965,37.480195],[-122.185055,37.48004],[-122.185082,37.479993],[-122.185182,37.47982],[-122.185253,37.479696],[-122.185327,37.479568],[-122.185402,37.47944],[-122.185481,37.479303],[-122.18556,37.479167],[-122.185582,37.479129],[-122.185636,37.479033],[-122.185667,37.478979],[-122.185669,37.478974],[-122.18589,37.478606],[-122.186063,37.478298],[-122.186123,37.47819],[-122.187002,37.478129],[-122.187785,37.478075],[-122.188728,37.47801],[-122.188805,37.478005],[-122.189129,37.477982],[-122.189137,37.477982],[-122.189151,37.477988],[-122.189857,37.478278],[-122.190033,37.478353],[-122.19008,37.478374],[-122.190384,37.478505],[-122.19068,37.478619],[-122.191073,37.478768],[-122.191466,37.478917],[-122.191742,37.479027],[-122.191867,37.479074],[-122.192185,37.479195],[-122.192721,37.4794],[-122.193296,37.479621],[-122.193559,37.47972],[-122.193997,37.479886],[-122.194134,37.479938],[-122.194398,37.480039],[-122.195249,37.480363],[-122.195374,37.480411],[-122.196076,37.480679],[-122.196509,37.480843],[-122.196923,37.481001],[-122.197331,37.481157],[-122.197733,37.481308],[-122.198155,37.481469],[-122.198453,37.481581],[-122.198495,37.481592],[-122.198588,37.481429],[-122.198591,37.481425],[-122.198749,37.481176],[-122.199467,37.480042],[-122.19947,37.480038],[-122.199472,37.480033],[-122.199473,37.480028],[-122.199474,37.480023],[-122.199474,37.480018],[-122.199474,37.480013],[-122.199473,37.480008],[-122.199472,37.480003],[-122.19947,37.479998],[-122.199467,37.479993],[-122.199464,37.479989],[-122.19946,37.479985],[-122.199456,37.479981],[-122.199539,37.479825],[-122.199545,37.479827],[-122.199551,37.479828],[-122.199557,37.479828],[-122.199564,37.479829],[-122.19957,37.479828],[-122.199576,37.479828],[-122.199583,37.479826],[-122.199589,37.479825],[-122.199594,37.479823],[-122.1996,37.47982],[-122.199605,37.479817],[-122.19961,37.479814],[-122.199614,37.479811],[-122.199619,37.479807],[-122.199622,37.479803],[-122.199625,37.479798],[-122.199822,37.479482],[-122.199862,37.479498],[-122.200039,37.479566],[-122.200409,37.479714],[-122.200779,37.479862],[-122.20096,37.479941],[-122.201331,37.480087],[-122.201702,37.480233],[-122.201889,37.480303],[-122.20226,37.480448],[-122.202291,37.48046],[-122.202477,37.480533],[-122.202631,37.480593],[-122.202817,37.480667],[-122.202593,37.481025],[-122.202486,37.481171],[-122.202096,37.4818],[-122.201933,37.482063],[-122.201909,37.482102],[-122.202466,37.482326],[-122.202323,37.482533],[-122.202121,37.482823],[-122.202052,37.482933],[-122.202094,37.482949],[-122.202101,37.482952],[-122.20212,37.482956],[-122.202278,37.482992],[-122.202522,37.483046],[-122.203153,37.483187],[-122.203205,37.483198],[-122.2048,37.483552],[-122.204852,37.483565],[-122.205358,37.483679],[-122.206283,37.483893],[-122.206514,37.483945],[-122.206561,37.483955],[-122.207758,37.484224],[-122.20825,37.484339],[-122.208298,37.484351],[-122.208965,37.484504],[-122.209088,37.484533],[-122.209147,37.484547],[-122.209711,37.48464],[-122.210473,37.484767],[-122.210947,37.484845],[-122.211044,37.484861],[-122.21111,37.484746],[-122.21135,37.484402],[-122.211197,37.484339],[-122.210745,37.484139],[-122.210828,37.484019],[-122.21128,37.484219],[-122.211434,37.484281],[-122.211602,37.484039],[-122.211769,37.4838],[-122.212221,37.484],[-122.212673,37.4842],[-122.212338,37.48468],[-122.212081,37.484567],[-122.211886,37.48448],[-122.211654,37.484378],[-122.211372,37.484785],[-122.211369,37.484789],[-122.211292,37.484903],[-122.212182,37.485054],[-122.212284,37.485072],[-122.21298,37.485188],[-122.213424,37.485245],[-122.213525,37.485258],[-122.213613,37.485115],[-122.213615,37.485111],[-122.214056,37.484478],[-122.214553,37.483765],[-122.214507,37.483687],[-122.213566,37.483488],[-122.213298,37.483432],[-122.213282,37.483428],[-122.212404,37.483243],[-122.212087,37.483176],[-122.21207,37.483173],[-122.211699,37.483096],[-122.210899,37.482928],[-122.210885,37.482926],[-122.210619,37.482872],[-122.210411,37.482829],[-122.209831,37.482709],[-122.209419,37.482625],[-122.209671,37.482264],[-122.210012,37.481774],[-122.210019,37.481764],[-122.21006,37.481707],[-122.21019,37.481524],[-122.210517,37.481053],[-122.210634,37.480886],[-122.210964,37.48041],[-122.211029,37.480316],[-122.211142,37.480154],[-122.211281,37.479955],[-122.211409,37.479771],[-122.21168,37.479381],[-122.211746,37.479285],[-122.2121,37.478779],[-122.212162,37.478688],[-122.212225,37.478598],[-122.212429,37.478304],[-122.212606,37.478046],[-122.21264,37.477996],[-122.212751,37.477835],[-122.212859,37.477674],[-122.212253,37.477263],[-122.212208,37.477232],[-122.212145,37.477186],[-122.212113,37.477163],[-122.212216,37.477067],[-122.212527,37.476773],[-122.212459,37.476727],[-122.212563,37.476739],[-122.212667,37.476753],[-122.212771,37.476766],[-122.212875,37.47678],[-122.212979,37.476795],[-122.213083,37.47681],[-122.213186,37.476825],[-122.21329,37.476841],[-122.213393,37.476857],[-122.213497,37.476874],[-122.2136,37.476891],[-122.213703,37.476909],[-122.213806,37.476927],[-122.213908,37.476946],[-122.214011,37.476965],[-122.214113,37.476984],[-122.213467,37.477916],[-122.21332,37.478124],[-122.213379,37.478164],[-122.213568,37.478291],[-122.213575,37.478295],[-122.213701,37.478378],[-122.213723,37.478393],[-122.213738,37.478403],[-122.213834,37.478466],[-122.214242,37.478737],[-122.214594,37.47897],[-122.214746,37.478767],[-122.214794,37.478799],[-122.215059,37.478975],[-122.216126,37.477468],[-122.216227,37.477498],[-122.216327,37.477528],[-122.216427,37.477558],[-122.216527,37.477589],[-122.216627,37.47762],[-122.216727,37.477652],[-122.216826,37.477684],[-122.216925,37.477716],[-122.217024,37.477749],[-122.217122,37.477783],[-122.2172,37.477671],[-122.217278,37.477559],[-122.21749,37.477252],[-122.217511,37.477222],[-122.217721,37.476991],[-122.21731,37.476733],[-122.217087,37.476594],[-122.216252,37.47607],[-122.215207,37.475417],[-122.215227,37.475387],[-122.215377,37.475167],[-122.21558,37.474869],[-122.215918,37.475016],[-122.215986,37.474915],[-122.216044,37.47483],[-122.216122,37.474716],[-122.216162,37.474657],[-122.216245,37.474535],[-122.216289,37.474471],[-122.216327,37.474415],[-122.216372,37.47435],[-122.216452,37.474232],[-122.216535,37.474111],[-122.216616,37.473992],[-122.216718,37.473842],[-122.216826,37.473684],[-122.216874,37.473614],[-122.217221,37.473323],[-122.217232,37.473313],[-122.21713,37.473238],[-122.217036,37.47317],[-122.216936,37.473096],[-122.216838,37.473025],[-122.216678,37.472914],[-122.216668,37.472907],[-122.216639,37.472886],[-122.216447,37.472747],[-122.216126,37.472516],[-122.215968,37.472402],[-122.215925,37.472371],[-122.215861,37.472325],[-122.215795,37.472277],[-122.215734,37.472233],[-122.215422,37.472008],[-122.215259,37.471904],[-122.215196,37.471858],[-122.214978,37.471701],[-122.214704,37.471503],[-122.214579,37.471413],[-122.214474,37.471337],[-122.214397,37.471282],[-122.21432,37.471226],[-122.214171,37.471118],[-122.213838,37.470878],[-122.213703,37.470781],[-122.213548,37.470656],[-122.213156,37.470373],[-122.212838,37.470144],[-122.212703,37.470046],[-122.212573,37.469953],[-122.212451,37.469865],[-122.212385,37.469817],[-122.212371,37.469807],[-122.212454,37.469697],[-122.212571,37.469544],[-122.212817,37.469235],[-122.21286,37.469182],[-122.212998,37.469009],[-122.213038,37.468959],[-122.213183,37.468778],[-122.213239,37.468706],[-122.213368,37.468545],[-122.21378,37.468028],[-122.21369,37.467963],[-122.214036,37.467531],[-122.214469,37.466988],[-122.214822,37.466549],[-122.215138,37.466153],[-122.215345,37.465894],[-122.215354,37.465883],[-122.215465,37.465743],[-122.215741,37.465398],[-122.215745,37.465393],[-122.215873,37.465233],[-122.21602,37.465049],[-122.216215,37.464805],[-122.216388,37.464873],[-122.2169,37.465084],[-122.216991,37.465121],[-122.216999,37.465125],[-122.217073,37.465033],[-122.217075,37.465031],[-122.217394,37.46463],[-122.217565,37.464415],[-122.217574,37.464404],[-122.217658,37.464308],[-122.217729,37.464223],[-122.218122,37.463749],[-122.21814,37.463696],[-122.218153,37.463656],[-122.218268,37.463313],[-122.218337,37.463108],[-122.21837,37.46301],[-122.218411,37.46289],[-122.218452,37.462768],[-122.218493,37.462645],[-122.218533,37.462527],[-122.218576,37.462399],[-122.218612,37.462291],[-122.218643,37.4622],[-122.218648,37.462184],[-122.218688,37.462063],[-122.218729,37.461942],[-122.218768,37.461825],[-122.21881,37.461704],[-122.218849,37.461587],[-122.21885,37.461583],[-122.218867,37.461538],[-122.218868,37.461535],[-122.218894,37.461462],[-122.218935,37.461343],[-122.218975,37.461224],[-122.219017,37.461105],[-122.21902,37.461094],[-122.219021,37.461092],[-122.219058,37.460986],[-122.219113,37.460826],[-122.219132,37.460803],[-122.219217,37.460699],[-122.219263,37.460643],[-122.219267,37.460637],[-122.219301,37.460596],[-122.219387,37.46049],[-122.21947,37.46039],[-122.219535,37.46031],[-122.219554,37.460286],[-122.219559,37.46028],[-122.21958,37.460255],[-122.219586,37.460247],[-122.219589,37.460244],[-122.219639,37.460183],[-122.219642,37.460178],[-122.219724,37.460078],[-122.219812,37.459971],[-122.219897,37.459867],[-122.21998,37.459766],[-122.220068,37.459657],[-122.220158,37.459548],[-122.220187,37.459512],[-122.220341,37.459324],[-122.220403,37.459249],[-122.220586,37.459026],[-122.220636,37.458965],[-122.220774,37.458795],[-122.220922,37.458612],[-122.220968,37.458607],[-122.221363,37.458567],[-122.221612,37.458746],[-122.221779,37.458866],[-122.222046,37.459057],[-122.222257,37.459209],[-122.222424,37.459062],[-122.222582,37.458923],[-122.22274,37.458784],[-122.222896,37.458647],[-122.223048,37.458513],[-122.223068,37.458496],[-122.223205,37.458375],[-122.223255,37.458331],[-122.223335,37.45826],[-122.223494,37.45812],[-122.223514,37.458135],[-122.223643,37.458226],[-122.223645,37.458228],[-122.22379,37.45833],[-122.223942,37.458437],[-122.223963,37.458453],[-122.224097,37.458547],[-122.224109,37.458556],[-122.224121,37.458564],[-122.224159,37.458591],[-122.224286,37.458681],[-122.2243,37.458691],[-122.224415,37.458772],[-122.224479,37.458818],[-122.224542,37.458862],[-122.224658,37.458944],[-122.224671,37.458953],[-122.224802,37.459046],[-122.224836,37.45907],[-122.224931,37.459138],[-122.225012,37.459195],[-122.22506,37.459228],[-122.225191,37.459321],[-122.225295,37.459395],[-122.225318,37.459411],[-122.225367,37.459446],[-122.225447,37.459502],[-122.225568,37.459588],[-122.225645,37.459642],[-122.225879,37.459431],[-122.226002,37.459517],[-122.226007,37.459521],[-122.226117,37.4596],[-122.226193,37.459384],[-122.226196,37.45938],[-122.226198,37.459375],[-122.226365,37.459048],[-122.226442,37.458896],[-122.226568,37.458702],[-122.226569,37.4587],[-122.226671,37.4585],[-122.226811,37.458225],[-122.226978,37.457897],[-122.226981,37.457894],[-122.226984,37.45789],[-122.226986,37.457886],[-122.226995,37.457867],[-122.227096,37.457663],[-122.227217,37.457416],[-122.227376,37.457092],[-122.227435,37.45697],[-122.22718,37.45679],[-122.227065,37.456708],[-122.227007,37.456667],[-122.227227,37.45647],[-122.227241,37.456458],[-122.227536,37.456667],[-122.227599,37.456714],[-122.227633,37.456601],[-122.227658,37.456515],[-122.22766,37.456512],[-122.227671,37.456491],[-122.227704,37.456423],[-122.227739,37.456351],[-122.227775,37.456278],[-122.227837,37.456152],[-122.227912,37.456],[-122.228015,37.455788],[-122.228018,37.455783],[-122.22804,37.455737],[-122.228112,37.455591],[-122.228246,37.455318],[-122.228352,37.455114],[-122.228356,37.455109],[-122.228359,37.455104],[-122.228361,37.455098],[-122.228474,37.454833],[-122.22849,37.454795],[-122.228567,37.454615],[-122.228573,37.454599],[-122.228735,37.454218],[-122.228743,37.454198],[-122.228795,37.454077],[-122.2288,37.454065],[-122.228708,37.454],[-122.228204,37.453643],[-122.228214,37.453621],[-122.228253,37.453543],[-122.228326,37.453397],[-122.228352,37.453346],[-122.228938,37.453762],[-122.228942,37.453753],[-122.229129,37.453366],[-122.229265,37.453116],[-122.229267,37.453112],[-122.229404,37.452834],[-122.22952,37.4526],[-122.229015,37.452294],[-122.229111,37.4521],[-122.229143,37.452034],[-122.229193,37.452065],[-122.229645,37.452345],[-122.22975,37.452131],[-122.229992,37.451639],[-122.23002,37.451584],[-122.230125,37.451378],[-122.230183,37.451257],[-122.230246,37.451126],[-122.230372,37.450865],[-122.230379,37.450851],[-122.229872,37.450536],[-122.229917,37.450444],[-122.229927,37.450423],[-122.229962,37.45035],[-122.230009,37.450254],[-122.230029,37.450213],[-122.230173,37.449919],[-122.23027,37.449746],[-122.230683,37.448926],[-122.230931,37.448432],[-122.23096,37.448372],[-122.231414,37.44873],[-122.231443,37.448673],[-122.231632,37.448889],[-122.231683,37.448818],[-122.231759,37.44887],[-122.231786,37.44889],[-122.234023,37.450521],[-122.234449,37.450783],[-122.235184,37.451317],[-122.236432,37.452225],[-122.237849,37.453255],[-122.238038,37.453365],[-122.239967,37.454771],[-122.240332,37.455034],[-122.240386,37.455075],[-122.240464,37.455008],[-122.240809,37.4547],[-122.240968,37.454558],[-122.240986,37.454543],[-122.241003,37.454528],[-122.241021,37.454514],[-122.24104,37.4545],[-122.241059,37.454486],[-122.241078,37.454473],[-122.241098,37.45446],[-122.241118,37.454448],[-122.241139,37.454436],[-122.241159,37.454424],[-122.241181,37.454413],[-122.241202,37.454402],[-122.241224,37.454392],[-122.241246,37.454382],[-122.241269,37.454372],[-122.241291,37.454363],[-122.241315,37.454354],[-122.241338,37.454346],[-122.241362,37.454338],[-122.241386,37.454331],[-122.24141,37.454324],[-122.241434,37.454318],[-122.241459,37.454312],[-122.241483,37.454306],[-122.241508,37.454301],[-122.241533,37.454297],[-122.241559,37.454293],[-122.241584,37.454289],[-122.241609,37.454286],[-122.241635,37.454284],[-122.24166,37.454282],[-122.241686,37.45428],[-122.241711,37.454279],[-122.241737,37.454279],[-122.241763,37.454279],[-122.241788,37.454279],[-122.241814,37.45428],[-122.24184,37.454282],[-122.241865,37.454283],[-122.241886,37.454285],[-122.241912,37.454287],[-122.241938,37.454289],[-122.241964,37.45429],[-122.24199,37.454291],[-122.242016,37.454291],[-122.242042,37.454291],[-122.242068,37.45429],[-122.242094,37.454289],[-122.24212,37.454287],[-122.242145,37.454285],[-122.242171,37.454282],[-122.242197,37.454279],[-122.242222,37.454276],[-122.242248,37.454271],[-122.242273,37.454267],[-122.242298,37.454262],[-122.242323,37.454256],[-122.242348,37.45425],[-122.242373,37.454244],[-122.242397,37.454237],[-122.242422,37.454229],[-122.242446,37.454221],[-122.242468,37.454213],[-122.242491,37.454205],[-122.242513,37.454196],[-122.242535,37.454187],[-122.242557,37.454177],[-122.242579,37.454167],[-122.2426,37.454157],[-122.242621,37.454146],[-122.242641,37.454135],[-122.242662,37.454123],[-122.242682,37.454111],[-122.242701,37.454099],[-122.242721,37.454086],[-122.242739,37.454073],[-122.242758,37.45406],[-122.242861,37.453976],[-122.242813,37.45394],[-122.24294,37.453831],[-122.243888,37.453051],[-122.243937,37.453089],[-122.245336,37.454203],[-122.245645,37.454448],[-122.246114,37.454822],[-122.246452,37.455091],[-122.246783,37.455355],[-122.246937,37.455477],[-122.250395,37.452726],[-122.250832,37.452378],[-122.251231,37.452062],[-122.251561,37.451799],[-122.251932,37.451504],[-122.252025,37.45143],[-122.252274,37.451232],[-122.252328,37.451189],[-122.252494,37.451057],[-122.252567,37.450999],[-122.252923,37.450717],[-122.2532,37.450497],[-122.253336,37.450389],[-122.253448,37.4503],[-122.253953,37.449899],[-122.253996,37.449865],[-122.254143,37.449748],[-122.254424,37.449525],[-122.254724,37.449285],[-122.255069,37.449009],[-122.255247,37.448867],[-122.255262,37.448855],[-122.255454,37.448701],[-122.255557,37.448618],[-122.255645,37.448548],[-122.255839,37.448393],[-122.25592,37.448328],[-122.256037,37.448234],[-122.256229,37.44808],[-122.256368,37.447969],[-122.256413,37.447934],[-122.256507,37.447861],[-122.256724,37.447691],[-122.2568,37.447632],[-122.256857,37.447588],[-122.257262,37.447271],[-122.257342,37.447208],[-122.257776,37.447374],[-122.258101,37.447499],[-122.258281,37.447567],[-122.258809,37.44777],[-122.259291,37.447492],[-122.259314,37.447483],[-122.259449,37.447427],[-122.25944,37.447406],[-122.259722,37.447351],[-122.259718,37.447377],[-122.259846,37.447376],[-122.259859,37.447376],[-122.259872,37.447375],[-122.259885,37.447373],[-122.259897,37.447372],[-122.25991,37.447369],[-122.259923,37.447367],[-122.259935,37.447364],[-122.259947,37.44736],[-122.259959,37.447356],[-122.259971,37.447352],[-122.259983,37.447347],[-122.259994,37.447341],[-122.260005,37.447336],[-122.260016,37.447329],[-122.260027,37.447323],[-122.260037,37.447316],[-122.260046,37.447308],[-122.260056,37.4473],[-122.260065,37.447292],[-122.260073,37.447284],[-122.260081,37.447275],[-122.260088,37.447266],[-122.260095,37.447257],[-122.260101,37.447248],[-122.260107,37.447238],[-122.260112,37.447228],[-122.260116,37.447218],[-122.26012,37.447208],[-122.260124,37.447198],[-122.260126,37.447187],[-122.260128,37.447177],[-122.260137,37.447624],[-122.260142,37.447624],[-122.260156,37.448289],[-122.260499,37.448448],[-122.261963,37.449002],[-122.262241,37.448534],[-122.262252,37.448516],[-122.262265,37.448499],[-122.262278,37.448483],[-122.262293,37.448467],[-122.262308,37.448451],[-122.262325,37.448437],[-122.262342,37.448423],[-122.262361,37.448409],[-122.26238,37.448397],[-122.2624,37.448385],[-122.262421,37.448375],[-122.262443,37.448365],[-122.262465,37.448356],[-122.262488,37.448348],[-122.262511,37.448341],[-122.262535,37.448335],[-122.262559,37.44833],[-122.262583,37.448327],[-122.262608,37.448324],[-122.262632,37.448322],[-122.262657,37.448321],[-122.262682,37.448321],[-122.262707,37.448323],[-122.263489,37.448407],[-122.263497,37.448406],[-122.263505,37.448406],[-122.263512,37.448408],[-122.26352,37.44841],[-122.263526,37.448413],[-122.263533,37.448416],[-122.263538,37.448421],[-122.263543,37.448426],[-122.263546,37.448431],[-122.263549,37.448437],[-122.263497,37.448953],[-122.263491,37.448975],[-122.263485,37.448996],[-122.263477,37.449018],[-122.263468,37.449039],[-122.263458,37.44906],[-122.263446,37.44908],[-122.263434,37.449101],[-122.263421,37.44912],[-122.263406,37.44914],[-122.263391,37.449158],[-122.263374,37.449176],[-122.263357,37.449194],[-122.263339,37.449211],[-122.263319,37.449227],[-122.26308,37.449424],[-122.263086,37.449426],[-122.264467,37.449948],[-122.266589,37.45075],[-122.266589,37.45075],[-122.266603,37.450739],[-122.267165,37.451074],[-122.267579,37.451322],[-122.268182,37.451682],[-122.268662,37.451968],[-122.268708,37.451996],[-122.269059,37.452204],[-122.268581,37.452632],[-122.268566,37.452634],[-122.268552,37.452635],[-122.268537,37.452635],[-122.268523,37.452635],[-122.268462,37.452702],[-122.268211,37.452988],[-122.267973,37.453049],[-122.267746,37.45304],[-122.267678,37.45303],[-122.267491,37.453004],[-122.26743,37.452996],[-122.267391,37.453046],[-122.267325,37.45313],[-122.267144,37.453362],[-122.267023,37.453887],[-122.267111,37.454006],[-122.26678,37.454129],[-122.266702,37.454335],[-122.266802,37.4545],[-122.266858,37.454592],[-122.266862,37.454598],[-122.266864,37.454603],[-122.266867,37.454609],[-122.266869,37.454615],[-122.266869,37.454618],[-122.26687,37.454621],[-122.26693,37.454892],[-122.266998,37.455199],[-122.267174,37.455357],[-122.267926,37.45603],[-122.268088,37.456175],[-122.268099,37.456366],[-122.268148,37.456364],[-122.26843,37.456354],[-122.268415,37.456164],[-122.268415,37.456161],[-122.268419,37.456161],[-122.268745,37.456147],[-122.268758,37.456144],[-122.268708,37.455944],[-122.2687,37.455908],[-122.268698,37.455896],[-122.268695,37.455883],[-122.268692,37.45587],[-122.268689,37.455858],[-122.268684,37.455845],[-122.26868,37.455833],[-122.268675,37.455821],[-122.268669,37.455809],[-122.268662,37.455797],[-122.268656,37.455786],[-122.268357,37.455249],[-122.268346,37.455231],[-122.268334,37.455212],[-122.268322,37.455195],[-122.26831,37.455177],[-122.268296,37.45516],[-122.268283,37.455142],[-122.268268,37.455126],[-122.268253,37.455109],[-122.268242,37.455097],[-122.268387,37.45503],[-122.268783,37.454834],[-122.268827,37.454812],[-122.268959,37.454747],[-122.268966,37.454751],[-122.268973,37.454755],[-122.26898,37.454758],[-122.268988,37.454761],[-122.268996,37.454763],[-122.269004,37.454765],[-122.269012,37.454767],[-122.269021,37.454768],[-122.269029,37.454769],[-122.269038,37.454769],[-122.269046,37.454768],[-122.269055,37.454767],[-122.269063,37.454766],[-122.269071,37.454764],[-122.269079,37.454762],[-122.269087,37.454759],[-122.269095,37.454756],[-122.269102,37.454752],[-122.269109,37.454748],[-122.269115,37.454744],[-122.269121,37.454739],[-122.269127,37.454734],[-122.269135,37.454725],[-122.269253,37.454695],[-122.269536,37.455108],[-122.269461,37.455123],[-122.269488,37.455282],[-122.269525,37.455332],[-122.269612,37.45545],[-122.269841,37.455572],[-122.269877,37.455591],[-122.270062,37.455515],[-122.270187,37.455424],[-122.270319,37.45568],[-122.270324,37.455689],[-122.270329,37.455697],[-122.270335,37.455706],[-122.270342,37.455714],[-122.270349,37.455722],[-122.270357,37.455729],[-122.270365,37.455736],[-122.270373,37.455743],[-122.270382,37.45575],[-122.270392,37.455756],[-122.270401,37.455762],[-122.270412,37.455767],[-122.270422,37.455772],[-122.270433,37.455777],[-122.270565,37.45583],[-122.270577,37.455835],[-122.270588,37.455841],[-122.2706,37.455848],[-122.27061,37.455854],[-122.270621,37.455861],[-122.270631,37.455869],[-122.270641,37.455876],[-122.27065,37.455884],[-122.270659,37.455892],[-122.270668,37.455901],[-122.27069,37.455924],[-122.270749,37.455872],[-122.270922,37.456049],[-122.271004,37.456143],[-122.271016,37.456156],[-122.271028,37.456169],[-122.27104,37.456182],[-122.271053,37.456194],[-122.271066,37.456207],[-122.27108,37.456218],[-122.271095,37.45623],[-122.271108,37.456241],[-122.271123,37.456251],[-122.271137,37.456261],[-122.271152,37.45627],[-122.271395,37.456401],[-122.271405,37.456406],[-122.271417,37.456411],[-122.271428,37.456416],[-122.27144,37.45642],[-122.271452,37.456424],[-122.271464,37.456427],[-122.271477,37.45643],[-122.271489,37.456432],[-122.271502,37.456434],[-122.271515,37.456435],[-122.271527,37.456436],[-122.27154,37.456436],[-122.271553,37.456435],[-122.271566,37.456435],[-122.271579,37.456433],[-122.271591,37.456431],[-122.271604,37.456429],[-122.271616,37.456426],[-122.271629,37.456423],[-122.271641,37.456419],[-122.271652,37.456415],[-122.271664,37.45641],[-122.271675,37.456405],[-122.271686,37.456399],[-122.271785,37.456345],[-122.271805,37.456334],[-122.271925,37.456268],[-122.27194,37.456261],[-122.271955,37.456255],[-122.271971,37.456249],[-122.271987,37.456244],[-122.272003,37.456238],[-122.272019,37.456234],[-122.272036,37.45623],[-122.272053,37.456226],[-122.27207,37.456223],[-122.272087,37.45622],[-122.272104,37.456218],[-122.272121,37.456216],[-122.272138,37.456215],[-122.272156,37.456214],[-122.272173,37.456214],[-122.27219,37.456214],[-122.272208,37.456215],[-122.272225,37.456216],[-122.272242,37.456217],[-122.272259,37.456219],[-122.272276,37.456222],[-122.272293,37.456225],[-122.27231,37.456228],[-122.272327,37.456232],[-122.272343,37.456237],[-122.272359,37.456242],[-122.272375,37.456247],[-122.272391,37.456253],[-122.272407,37.456259],[-122.272422,37.456266],[-122.272437,37.456273],[-122.272451,37.45628],[-122.272467,37.456289],[-122.27248,37.456297],[-122.272494,37.456305],[-122.272507,37.456314],[-122.27252,37.456324],[-122.272532,37.456334],[-122.272544,37.456344],[-122.272555,37.456354],[-122.272566,37.456365],[-122.272577,37.456376],[-122.272587,37.456387],[-122.272596,37.456398],[-122.272605,37.45641],[-122.272614,37.456422],[-122.272621,37.456435],[-122.272629,37.456447],[-122.272636,37.45646],[-122.272642,37.456473],[-122.272648,37.456486],[-122.272653,37.456499],[-122.272657,37.456512],[-122.272661,37.456526],[-122.272665,37.456539],[-122.272667,37.456553],[-122.272669,37.456563],[-122.272671,37.456574],[-122.272674,37.456584],[-122.272677,37.456595],[-122.272681,37.456605],[-122.272686,37.456615],[-122.272691,37.456625],[-122.272697,37.456634],[-122.272703,37.456644],[-122.27271,37.456653],[-122.272717,37.456662],[-122.272725,37.45667],[-122.272733,37.456679],[-122.272742,37.456687],[-122.272751,37.456694],[-122.272761,37.456702],[-122.272771,37.456708],[-122.272782,37.456715],[-122.272793,37.456721],[-122.272804,37.456727],[-122.272816,37.456732],[-122.272828,37.456737],[-122.27284,37.456741],[-122.272852,37.456745],[-122.272865,37.456749],[-122.272878,37.456752],[-122.272917,37.456758],[-122.27293,37.456759],[-122.272943,37.456759],[-122.272956,37.456759],[-122.272968,37.456759],[-122.272981,37.456758],[-122.272994,37.456757],[-122.273007,37.456755],[-122.273019,37.456753],[-122.273031,37.45675],[-122.273044,37.456747],[-122.273056,37.456743],[-122.273067,37.456739],[-122.273079,37.456735],[-122.27309,37.45673],[-122.273102,37.456725],[-122.273113,37.45672],[-122.273124,37.456715],[-122.273134,37.456709],[-122.273145,37.456703],[-122.273154,37.456696],[-122.273164,37.456689],[-122.273173,37.456682],[-122.273181,37.456674],[-122.273189,37.456667],[-122.273197,37.456658],[-122.273204,37.45665],[-122.273211,37.456641],[-122.273217,37.456632],[-122.273223,37.456623],[-122.273228,37.456614],[-122.273232,37.456604],[-122.273236,37.456594],[-122.27324,37.456584],[-122.273242,37.456574],[-122.273245,37.456559],[-122.273248,37.456545],[-122.273251,37.45653],[-122.273255,37.456515],[-122.27326,37.4565],[-122.273266,37.456486],[-122.273272,37.456472],[-122.273278,37.456458],[-122.273286,37.456444],[-122.273293,37.45643],[-122.273302,37.456416],[-122.273311,37.456403],[-122.27332,37.45639],[-122.27333,37.456377],[-122.273341,37.456365],[-122.273352,37.456352],[-122.273363,37.45634],[-122.273375,37.456329],[-122.273388,37.456318],[-122.273401,37.456307],[-122.273414,37.456296],[-122.273428,37.456286],[-122.273443,37.456276],[-122.273457,37.456266],[-122.273472,37.456257],[-122.273487,37.45625],[-122.273502,37.456242],[-122.273517,37.456235],[-122.273545,37.456223],[-122.273562,37.456217],[-122.273578,37.456211],[-122.273595,37.456206],[-122.273612,37.456201],[-122.27363,37.456197],[-122.273647,37.456193],[-122.273665,37.45619],[-122.273683,37.456187],[-122.273701,37.456184],[-122.273719,37.456182],[-122.273737,37.456181],[-122.273784,37.456179],[-122.273847,37.456176],[-122.273817,37.456298],[-122.273888,37.456293],[-122.274114,37.456279],[-122.274122,37.456278],[-122.27413,37.456279],[-122.274139,37.456279],[-122.274147,37.456281],[-122.274155,37.456282],[-122.274162,37.456284],[-122.27417,37.456287],[-122.274177,37.45629],[-122.274184,37.456293],[-122.274191,37.456297],[-122.274197,37.456301],[-122.274203,37.456306],[-122.274209,37.456311],[-122.274214,37.456316],[-122.274219,37.456321],[-122.274223,37.456327],[-122.274226,37.456333],[-122.274229,37.456339],[-122.274231,37.456345],[-122.274233,37.456352],[-122.274234,37.456358],[-122.274235,37.456365],[-122.274242,37.456533],[-122.274247,37.456665],[-122.274249,37.456729],[-122.27425,37.456741],[-122.274252,37.456754],[-122.274254,37.456766],[-122.274256,37.456778],[-122.27426,37.45679],[-122.274264,37.456801],[-122.274268,37.456813],[-122.274273,37.456824],[-122.274279,37.456835],[-122.274285,37.456845],[-122.274291,37.456856],[-122.274298,37.456866],[-122.274306,37.456876],[-122.274314,37.456886],[-122.274323,37.456896],[-122.274332,37.456905],[-122.274342,37.456914],[-122.274352,37.456922],[-122.274362,37.456931],[-122.274373,37.456938],[-122.274384,37.456946],[-122.274395,37.456953],[-122.274407,37.45696],[-122.274419,37.456966],[-122.274431,37.456972],[-122.274444,37.456978],[-122.274457,37.456983],[-122.27447,37.456988],[-122.274484,37.456992],[-122.274497,37.456996],[-122.27451,37.456999],[-122.274524,37.457002],[-122.274538,37.457005],[-122.274552,37.457007],[-122.274658,37.457022],[-122.274833,37.457047],[-122.274852,37.45705],[-122.274865,37.457053],[-122.274878,37.457056],[-122.27489,37.457059],[-122.274902,37.457064],[-122.274914,37.457068],[-122.274926,37.457073],[-122.274938,37.457078],[-122.275022,37.457121],[-122.275063,37.457141],[-122.275077,37.457147],[-122.275091,37.457153],[-122.275105,37.457159],[-122.27512,37.457164],[-122.275135,37.457169],[-122.27515,37.457173],[-122.275165,37.457177],[-122.27518,37.457181],[-122.275196,37.457184],[-122.275212,37.457186],[-122.275227,37.457188],[-122.275206,37.457229],[-122.275428,37.457427],[-122.275655,37.457629],[-122.275661,37.45782],[-122.275947,37.457637],[-122.275937,37.458323],[-122.276072,37.458311],[-122.276221,37.458297],[-122.27646,37.458327],[-122.276552,37.458338],[-122.27668,37.458354],[-122.276577,37.458979],[-122.276513,37.459191],[-122.276779,37.459448],[-122.276809,37.459477],[-122.277008,37.459671],[-122.277104,37.459763],[-122.277189,37.459846],[-122.277282,37.459911],[-122.277275,37.459933],[-122.277387,37.460016],[-122.277652,37.460089],[-122.277827,37.460077],[-122.278161,37.4601],[-122.278081,37.460386],[-122.277981,37.460576],[-122.278023,37.460852],[-122.278388,37.460974],[-122.279294,37.460257],[-122.279429,37.460346],[-122.277333,37.461979],[-122.277201,37.462083],[-122.276786,37.462404],[-122.276786,37.462404],[-122.277123,37.462683],[-122.279644,37.462757],[-122.280351,37.464027],[-122.280849,37.464096],[-122.281524,37.465082],[-122.282317,37.46513],[-122.282944,37.465224],[-122.282944,37.465224],[-122.282835,37.465779],[-122.284093,37.465998],[-122.284557,37.466212],[-122.285041,37.466242],[-122.285831,37.467023],[-122.286947,37.468124],[-122.290784,37.469383],[-122.290837,37.469401],[-122.290836,37.469401],[-122.290809,37.469422],[-122.290781,37.469443],[-122.290752,37.469464],[-122.290723,37.469484],[-122.290694,37.469504],[-122.290664,37.469523],[-122.290634,37.469542],[-122.290603,37.469561],[-122.290572,37.46958],[-122.290541,37.469597],[-122.290509,37.469615],[-122.290477,37.469632],[-122.290445,37.469649],[-122.290412,37.469665],[-122.290379,37.469681],[-122.290346,37.469697],[-122.290312,37.469712],[-122.290278,37.469726],[-122.290244,37.46974],[-122.29021,37.469754],[-122.290175,37.469767],[-122.29014,37.46978],[-122.290104,37.469792],[-122.290069,37.469804],[-122.290033,37.469816],[-122.289997,37.469827],[-122.289961,37.469837],[-122.289924,37.469847],[-122.289888,37.469857],[-122.289851,37.469866],[-122.289814,37.469875],[-122.289777,37.469883],[-122.289739,37.469891],[-122.289615,37.469916],[-122.289615,37.469916],[-122.289626,37.469962],[-122.28895,37.470101],[-122.288446,37.470205],[-122.288414,37.470154],[-122.28762,37.470319],[-122.287592,37.470327],[-122.287564,37.470335],[-122.287536,37.470343],[-122.287508,37.470352],[-122.28748,37.470362],[-122.287453,37.470372],[-122.287426,37.470382],[-122.287399,37.470393],[-122.287373,37.470404],[-122.287347,37.470416],[-122.287321,37.470428],[-122.287296,37.470441],[-122.287271,37.470454],[-122.287246,37.470467],[-122.287222,37.470481],[-122.287198,37.470496],[-122.287174,37.47051],[-122.287151,37.470525],[-122.287128,37.470541],[-122.287106,37.470557],[-122.287084,37.470573],[-122.287062,37.47059],[-122.287041,37.470607],[-122.287021,37.470624],[-122.287001,37.470642],[-122.286981,37.47066],[-122.286962,37.470678],[-122.286943,37.470697],[-122.286925,37.470716],[-122.286908,37.470735],[-122.28689,37.470755],[-122.286874,37.470775],[-122.286858,37.470795],[-122.286842,37.470815],[-122.286827,37.470836],[-122.286813,37.470857],[-122.286799,37.470878],[-122.286786,37.470899],[-122.286773,37.470921],[-122.286761,37.470943],[-122.28675,37.470965],[-122.286739,37.470987],[-122.286728,37.47101],[-122.286719,37.471032],[-122.286618,37.471243],[-122.286605,37.47127],[-122.28659,37.471296],[-122.286575,37.471322],[-122.28656,37.471348],[-122.286544,37.471374],[-122.286527,37.4714],[-122.28651,37.471425],[-122.286493,37.47145],[-122.286475,37.471475],[-122.286456,37.4715],[-122.286437,37.471524],[-122.286417,37.471548],[-122.286397,37.471572],[-122.286377,37.471595],[-122.286356,37.471619],[-122.286334,37.471642],[-122.286312,37.471665],[-122.28629,37.471687],[-122.286267,37.471709],[-122.286243,37.471731],[-122.286219,37.471753],[-122.286195,37.471774],[-122.28617,37.471795],[-122.286145,37.471815],[-122.286119,37.471835],[-122.286093,37.471855],[-122.285236,37.47256],[-122.285033,37.472633],[-122.284914,37.472846],[-122.283849,37.473737],[-122.283818,37.473764],[-122.283787,37.47379],[-122.283754,37.473817],[-122.283722,37.473842],[-122.283689,37.473868],[-122.283655,37.473893],[-122.283622,37.473918],[-122.283587,37.473942],[-122.283553,37.473966],[-122.283518,37.47399],[-122.283482,37.474013],[-122.283446,37.474036],[-122.28341,37.474059],[-122.283373,37.474081],[-122.283336,37.474102],[-122.283299,37.474124],[-122.283261,37.474145],[-122.283223,37.474165],[-122.283184,37.474185],[-122.283145,37.474205],[-122.283106,37.474224],[-122.283067,37.474243],[-122.283027,37.474261],[-122.282987,37.474279],[-122.282946,37.474296],[-122.282906,37.474313],[-122.282865,37.47433],[-122.282823,37.474346],[-122.282782,37.474361],[-122.28274,37.474377],[-122.282698,37.474391],[-122.282655,37.474406],[-122.282613,37.474419],[-122.28257,37.474433],[-122.282527,37.474446],[-122.282484,37.474458],[-122.28244,37.47447],[-122.282396,37.474481],[-122.282353,37.474492],[-122.282309,37.474503],[-122.282264,37.474513],[-122.28222,37.474522],[-122.282175,37.474531],[-122.282131,37.47454],[-122.282086,37.474548],[-122.282041,37.474555],[-122.281996,37.474562],[-122.28195,37.474569],[-122.281905,37.474575],[-122.28186,37.474581],[-122.281814,37.474586],[-122.281768,37.47459],[-122.281723,37.474594],[-122.281677,37.474598],[-122.281631,37.474601],[-122.281585,37.474604],[-122.281539,37.474606],[-122.281494,37.474607],[-122.281448,37.474608],[-122.281402,37.474609],[-122.281356,37.474609],[-122.28131,37.474608],[-122.281264,37.474608],[-122.281218,37.474606],[-122.281172,37.474604],[-122.281126,37.474602],[-122.28108,37.474599],[-122.281034,37.474595],[-122.280989,37.474591],[-122.280943,37.474587],[-122.280897,37.474582],[-122.280852,37.474576],[-122.280807,37.47457],[-122.280761,37.474564],[-122.280716,37.474557],[-122.280671,37.47455],[-122.280626,37.474542],[-122.280582,37.474533],[-122.280537,37.474524],[-122.280493,37.474515],[-122.280448,37.474505],[-122.280404,37.474495],[-122.28036,37.474484],[-122.280317,37.474472],[-122.280273,37.474461],[-122.280246,37.474453],[-122.28023,37.474448],[-122.280342,37.47431],[-122.28034,37.474309],[-122.280123,37.4742],[-122.280123,37.4742],[-122.280138,37.472849],[-122.280679,37.472625],[-122.280063,37.470469],[-122.279133,37.469313],[-122.279133,37.469313],[-122.276299,37.470627],[-122.276298,37.470625],[-122.276211,37.4705],[-122.276051,37.470272],[-122.275891,37.470045],[-122.27592,37.470028],[-122.275845,37.469842],[-122.275672,37.469666],[-122.275706,37.469601],[-122.275703,37.469601],[-122.275477,37.469603],[-122.275476,37.469602],[-122.275386,37.469498],[-122.275335,37.469354],[-122.275383,37.469224],[-122.275381,37.469223],[-122.27526,37.469174],[-122.27526,37.469174],[-122.275267,37.469136],[-122.275289,37.46901],[-122.27517,37.468889],[-122.275322,37.468802],[-122.275244,37.468537],[-122.275123,37.468415],[-122.275067,37.468132],[-122.275052,37.468056],[-122.275152,37.467705],[-122.274848,37.467356],[-122.274847,37.467356],[-122.274638,37.467341],[-122.274637,37.46734],[-122.274554,37.467205],[-122.274552,37.467205],[-122.274352,37.467151],[-122.273897,37.466915],[-122.273236,37.466748],[-122.272893,37.466532],[-122.272547,37.46641],[-122.272391,37.466374],[-122.27235,37.466365],[-122.272351,37.466364],[-122.272378,37.466236],[-122.272376,37.466236],[-122.272342,37.46623],[-122.272059,37.46616],[-122.272059,37.466159],[-122.272665,37.465675],[-122.272823,37.46555],[-122.273009,37.465401],[-122.273144,37.465293],[-122.273391,37.465095],[-122.273511,37.464999],[-122.273647,37.464891],[-122.274006,37.464604],[-122.274031,37.464584],[-122.274037,37.464582],[-122.274043,37.46458],[-122.274054,37.464575],[-122.274065,37.46457],[-122.274075,37.464565],[-122.274086,37.464559],[-122.274095,37.464553],[-122.274105,37.464546],[-122.274114,37.464539],[-122.274123,37.464532],[-122.274136,37.46452],[-122.274149,37.464507],[-122.274162,37.464494],[-122.274175,37.464481],[-122.274187,37.464468],[-122.274198,37.464455],[-122.27421,37.464441],[-122.274961,37.463841],[-122.274965,37.463837],[-122.274948,37.463825],[-122.275009,37.463778],[-122.274962,37.463738],[-122.274965,37.463735],[-122.274968,37.463732],[-122.274972,37.46373],[-122.274975,37.463726],[-122.27498,37.463724],[-122.274984,37.46372],[-122.274987,37.463717],[-122.27499,37.463714],[-122.274994,37.463711],[-122.274997,37.463708],[-122.274999,37.463705],[-122.275002,37.463701],[-122.275005,37.463698],[-122.275009,37.463695],[-122.275012,37.463691],[-122.275013,37.463689],[-122.275014,37.463688],[-122.275017,37.463684],[-122.275019,37.463681],[-122.275022,37.463677],[-122.275026,37.463673],[-122.275027,37.46367],[-122.275187,37.463375],[-122.275231,37.463202],[-122.275241,37.463167],[-122.275246,37.463157],[-122.275247,37.463152],[-122.275251,37.463147],[-122.275252,37.463142],[-122.275256,37.463137],[-122.275257,37.463133],[-122.275261,37.463128],[-122.275264,37.463123],[-122.275266,37.463118],[-122.275269,37.463113],[-122.275272,37.463109],[-122.275276,37.463104],[-122.275279,37.4631],[-122.275282,37.463095],[-122.275287,37.463091],[-122.275291,37.463086],[-122.275294,37.463082],[-122.275297,37.463078],[-122.275302,37.463073],[-122.275306,37.463069],[-122.275311,37.463065],[-122.275314,37.463061],[-122.275319,37.463057],[-122.275323,37.463053],[-122.275328,37.463049],[-122.275333,37.463045],[-122.275336,37.463042],[-122.275341,37.463038],[-122.275346,37.463034],[-122.275355,37.46303],[-122.275358,37.463028],[-122.275362,37.463026],[-122.275367,37.463024],[-122.27537,37.463022],[-122.275374,37.463019],[-122.275377,37.463017],[-122.27538,37.463014],[-122.275385,37.463012],[-122.275389,37.463009],[-122.275392,37.463007],[-122.275396,37.463004],[-122.275399,37.463001],[-122.275402,37.462998],[-122.275406,37.462996],[-122.275409,37.462993],[-122.275411,37.46299],[-122.275414,37.462987],[-122.275417,37.462984],[-122.275421,37.462981],[-122.275424,37.462978],[-122.275426,37.462975],[-122.275429,37.462972],[-122.275431,37.462969],[-122.275434,37.462966],[-122.275438,37.462963],[-122.275439,37.462959],[-122.275441,37.462956],[-122.275444,37.462953],[-122.275446,37.462949],[-122.275448,37.462948],[-122.275449,37.462946],[-122.275451,37.462942],[-122.275453,37.462939],[-122.275454,37.462936],[-122.275456,37.462932],[-122.275458,37.462929],[-122.275459,37.462925],[-122.275461,37.462921],[-122.275462,37.462918],[-122.275464,37.462914],[-122.275466,37.462911],[-122.275467,37.462907],[-122.275469,37.462903],[-122.275471,37.4629],[-122.275471,37.462896],[-122.275472,37.462892],[-122.275472,37.462889],[-122.275474,37.462885],[-122.275474,37.462881],[-122.275475,37.462877],[-122.275475,37.462873],[-122.275546,37.462458],[-122.275548,37.462451],[-122.275548,37.462446],[-122.275549,37.462442],[-122.275549,37.462437],[-122.275551,37.462433],[-122.275552,37.462429],[-122.275552,37.462424],[-122.275554,37.46242],[-122.275556,37.462416],[-122.275557,37.462411],[-122.275559,37.462407],[-122.27556,37.462403],[-122.275562,37.462399],[-122.275564,37.462394],[-122.275565,37.46239],[-122.275569,37.462386],[-122.27557,37.462382],[-122.275577,37.462368],[-122.27558,37.462359],[-122.275585,37.46235],[-122.275588,37.462342],[-122.275591,37.462333],[-122.275595,37.462324],[-122.275598,37.462315],[-122.275601,37.462305],[-122.275604,37.462296],[-122.275606,37.462287],[-122.275609,37.462278],[-122.275611,37.462269],[-122.275612,37.462259],[-122.275614,37.462251],[-122.275615,37.462241],[-122.275617,37.462232],[-122.275618,37.462223],[-122.27562,37.462213],[-122.275619,37.462204],[-122.275619,37.462194],[-122.275621,37.462185],[-122.275621,37.462176],[-122.27562,37.462166],[-122.27562,37.462157],[-122.27562,37.462148],[-122.27561,37.462005],[-122.275593,37.461864],[-122.275574,37.461254],[-122.275572,37.461218],[-122.275559,37.460953],[-122.275557,37.460919],[-122.275555,37.460886],[-122.275553,37.460881],[-122.275553,37.460875],[-122.275553,37.46087],[-122.275553,37.460865],[-122.275551,37.460859],[-122.275551,37.460854],[-122.275549,37.460849],[-122.275547,37.460843],[-122.275547,37.460838],[-122.275545,37.460833],[-122.275544,37.460828],[-122.275542,37.460823],[-122.27554,37.460817],[-122.275538,37.460812],[-122.275536,37.460807],[-122.275534,37.460802],[-122.275533,37.460797],[-122.275529,37.460792],[-122.275527,37.460787],[-122.275525,37.460782],[-122.275522,37.460777],[-122.27552,37.460772],[-122.275516,37.460767],[-122.275513,37.460762],[-122.275511,37.460757],[-122.275507,37.460753],[-122.275504,37.460748],[-122.2755,37.460743],[-122.275497,37.460739],[-122.275493,37.460734],[-122.27549,37.46073],[-122.275486,37.460726],[-122.275482,37.460721],[-122.275477,37.460717],[-122.275474,37.460713],[-122.27547,37.460708],[-122.275465,37.460704],[-122.275461,37.4607],[-122.275456,37.460696],[-122.275453,37.460692],[-122.275447,37.460688],[-122.275442,37.460684],[-122.275438,37.460681],[-122.275433,37.460677],[-122.275428,37.460673],[-122.275423,37.460669],[-122.275421,37.460668],[-122.27542,37.460668],[-122.275418,37.460667],[-122.275417,37.460666],[-122.275416,37.460665],[-122.275412,37.460663],[-122.275411,37.460662],[-122.275407,37.460659],[-122.275405,37.460658],[-122.275402,37.460656],[-122.2754,37.460655],[-122.275396,37.460653],[-122.275391,37.46065],[-122.275386,37.460647],[-122.275379,37.460644],[-122.275374,37.460641],[-122.275369,37.460638],[-122.275363,37.460635],[-122.275356,37.460633],[-122.275351,37.46063],[-122.275344,37.460627],[-122.275339,37.460625],[-122.275332,37.460623],[-122.275327,37.46062],[-122.275323,37.460619],[-122.275324,37.460619],[-122.275364,37.460538],[-122.275624,37.460052],[-122.275622,37.460051],[-122.275309,37.459945],[-122.275215,37.459914],[-122.274986,37.459836],[-122.27477,37.459763],[-122.274293,37.459601],[-122.274213,37.459569],[-122.274213,37.459569],[-122.274243,37.459548],[-122.274521,37.459352],[-122.274663,37.459279],[-122.274753,37.459234],[-122.274845,37.45919],[-122.274896,37.45917],[-122.275145,37.45907],[-122.275207,37.459045],[-122.27527,37.45902],[-122.2753,37.459005],[-122.275319,37.458997],[-122.275338,37.458989],[-122.275347,37.458985],[-122.275382,37.458972],[-122.275333,37.45889],[-122.275163,37.458629],[-122.275163,37.458629],[-122.275116,37.458652],[-122.275115,37.458651],[-122.274845,37.45826],[-122.274844,37.458259],[-122.274744,37.458202],[-122.274744,37.458201],[-122.274744,37.458195],[-122.274742,37.45819],[-122.274742,37.458186],[-122.274741,37.458182],[-122.27474,37.458176],[-122.274739,37.45817],[-122.274738,37.458166],[-122.274737,37.458161],[-122.274735,37.458156],[-122.274735,37.458151],[-122.274733,37.458146],[-122.274731,37.458141],[-122.274729,37.458136],[-122.274727,37.458131],[-122.274725,37.458127],[-122.274724,37.458122],[-122.274722,37.458117],[-122.274718,37.458113],[-122.274716,37.458108],[-122.274715,37.458103],[-122.274711,37.458099],[-122.274709,37.458094],[-122.274706,37.45809],[-122.274704,37.458085],[-122.2747,37.458081],[-122.274697,37.458077],[-122.274695,37.458072],[-122.274691,37.458068],[-122.274688,37.458064],[-122.274684,37.458059],[-122.274681,37.458055],[-122.274677,37.458051],[-122.274674,37.458047],[-122.27467,37.458043],[-122.274666,37.458039],[-122.274661,37.458035],[-122.274658,37.458032],[-122.274654,37.458027],[-122.274649,37.458024],[-122.274645,37.45802],[-122.274642,37.458017],[-122.274637,37.458013],[-122.274635,37.458012],[-122.274631,37.45801],[-122.274631,37.45801],[-122.274628,37.458006],[-122.274626,37.458005],[-122.274623,37.458003],[-122.274621,37.458002],[-122.274617,37.458],[-122.274617,37.457999],[-122.274614,37.457996],[-122.274612,37.457995],[-122.274609,37.457993],[-122.274603,37.45799],[-122.274598,37.457987],[-122.274593,37.457984],[-122.274588,37.457981],[-122.274582,37.457978],[-122.274577,37.457976],[-122.274572,37.457973],[-122.274567,37.45797],[-122.274561,37.457968],[-122.274556,37.457965],[-122.274551,37.457963],[-122.274546,37.457961],[-122.274539,37.457958],[-122.274534,37.457956],[-122.274528,37.457955],[-122.274521,37.457953],[-122.274516,37.457951],[-122.274511,37.457949],[-122.274504,37.457947],[-122.274499,37.457945],[-122.274492,37.457944],[-122.274487,37.457942],[-122.27448,37.457941],[-122.274475,37.45794],[-122.274468,37.457939],[-122.274462,37.457937],[-122.274456,37.457936],[-122.27445,37.457935],[-122.274443,37.457935],[-122.274438,37.457934],[-122.274431,37.457933],[-122.274424,37.457932],[-122.274419,37.457932],[-122.274412,37.457931],[-122.274405,37.457931],[-122.2744,37.457931],[-122.274393,37.45793],[-122.274388,37.457931],[-122.274381,37.45793],[-122.274374,37.45793],[-122.274369,37.457931],[-122.274362,37.457931],[-122.274356,37.457931],[-122.27435,37.457932],[-122.274343,37.457932],[-122.274337,37.457933],[-122.274331,37.457933],[-122.274325,37.457934],[-122.274319,37.457935],[-122.274313,37.457936],[-122.274306,37.457937],[-122.274301,37.457938],[-122.274294,37.45794],[-122.274289,37.457941],[-122.274282,37.457942],[-122.274277,37.457944],[-122.27427,37.457945],[-122.274265,37.457947],[-122.274258,37.457948],[-122.274253,37.45795],[-122.274246,37.457952],[-122.274241,37.457954],[-122.274236,37.457956],[-122.274229,37.457958],[-122.274224,37.45796],[-122.274218,37.457963],[-122.274212,37.457965],[-122.274206,37.457967],[-122.274201,37.45797],[-122.274196,37.457973],[-122.274191,37.457975],[-122.274186,37.457978],[-122.274181,37.457981],[-122.274176,37.457984],[-122.274171,37.457986],[-122.274166,37.45799],[-122.274161,37.457993],[-122.274155,37.457996],[-122.27415,37.457999],[-122.274145,37.458002],[-122.27414,37.458006],[-122.274137,37.458009],[-122.274132,37.458012],[-122.274125,37.458018],[-122.274122,37.458021],[-122.274117,37.458025],[-122.274111,37.458029],[-122.274108,37.458032],[-122.274105,37.458034],[-122.274101,37.458037],[-122.274098,37.458039],[-122.274095,37.458041],[-122.274091,37.458044],[-122.274088,37.458046],[-122.274084,37.458048],[-122.274081,37.45805],[-122.274078,37.458052],[-122.274072,37.458054],[-122.274069,37.458056],[-122.274066,37.458058],[-122.274062,37.45806],[-122.274057,37.458062],[-122.274054,37.458064],[-122.27405,37.458065],[-122.274045,37.458067],[-122.274042,37.458069],[-122.274037,37.45807],[-122.274033,37.458072],[-122.27403,37.458073],[-122.274025,37.458075],[-122.274021,37.458076],[-122.274016,37.458077],[-122.274013,37.458079],[-122.274008,37.45808],[-122.274004,37.458081],[-122.273999,37.458082],[-122.273994,37.458083],[-122.27399,37.458084],[-122.273985,37.458085],[-122.273982,37.458085],[-122.273977,37.458086],[-122.273972,37.458087],[-122.273968,37.458087],[-122.273963,37.458088],[-122.27396,37.458088],[-122.273954,37.458089],[-122.273949,37.458089],[-122.273946,37.458089],[-122.273941,37.45809],[-122.273935,37.45809],[-122.273927,37.45809],[-122.273922,37.45809],[-122.273918,37.45809],[-122.273913,37.458089],[-122.273908,37.45809],[-122.273904,37.458089],[-122.273899,37.458089],[-122.273896,37.458088],[-122.273891,37.458088],[-122.273885,37.458087],[-122.273882,37.458087],[-122.273877,37.458086],[-122.273873,37.458085],[-122.273868,37.458085],[-122.273863,37.458084],[-122.273859,37.458083],[-122.273854,37.458082],[-122.273851,37.458081],[-122.273846,37.45808],[-122.273842,37.458079],[-122.273837,37.458077],[-122.273833,37.458076],[-122.273828,37.458075],[-122.273825,37.458073],[-122.273821,37.458072],[-122.273816,37.45807],[-122.273813,37.458069],[-122.273807,37.458067],[-122.273804,37.458065],[-122.2738,37.458064],[-122.273797,37.458062],[-122.273792,37.45806],[-122.273788,37.458058],[-122.273785,37.458056],[-122.273781,37.458054],[-122.27378,37.458054],[-122.273778,37.458052],[-122.273778,37.458052],[-122.273773,37.45805],[-122.273769,37.458048],[-122.273768,37.458047],[-122.273766,37.458046],[-122.273762,37.458043],[-122.273759,37.458041],[-122.273755,37.458039],[-122.273752,37.458036],[-122.273748,37.458034],[-122.273745,37.458031],[-122.27362,37.457946],[-122.27355,37.457899],[-122.273512,37.457872],[-122.273505,37.457867],[-122.273503,37.457866],[-122.273499,37.457864],[-122.273499,37.457863],[-122.273494,37.45786],[-122.273492,37.457859],[-122.273489,37.457857],[-122.273478,37.457851],[-122.273477,37.457849],[-122.273473,37.457847],[-122.273468,37.457844],[-122.273463,37.457841],[-122.273457,37.457838],[-122.273452,37.457835],[-122.273445,37.457833],[-122.27344,37.45783],[-122.273435,37.457828],[-122.273428,37.457825],[-122.273423,37.457823],[-122.273416,37.45782],[-122.27341,37.457818],[-122.273403,37.457816],[-122.273398,37.457814],[-122.273391,37.457812],[-122.273386,37.45781],[-122.273379,37.457808],[-122.273372,37.457806],[-122.273367,37.457804],[-122.27336,37.457803],[-122.273298,37.457786],[-122.273129,37.457741],[-122.273018,37.457711],[-122.273003,37.457706],[-122.272992,37.457704],[-122.27298,37.457701],[-122.27297,37.457699],[-122.272951,37.457695],[-122.272941,37.457693],[-122.272928,37.457691],[-122.272916,37.457689],[-122.272904,37.457688],[-122.272892,37.457686],[-122.272882,37.457685],[-122.27287,37.457684],[-122.272631,37.457665],[-122.272602,37.457662],[-122.272585,37.45766],[-122.272569,37.457658],[-122.272554,37.457655],[-122.272538,37.457653],[-122.272524,37.45765],[-122.272509,37.457647],[-122.272493,37.457644],[-122.272478,37.45764],[-122.272462,37.457637],[-122.272448,37.457633],[-122.272427,37.457627],[-122.272413,37.457623],[-122.272398,37.457618],[-122.272384,37.457613],[-122.272368,37.457608],[-122.272354,37.457603],[-122.27234,37.457598],[-122.272325,37.457592],[-122.272313,37.457586],[-122.272299,37.457581],[-122.272286,37.457575],[-122.272274,37.457569],[-122.272262,37.457563],[-122.27225,37.457556],[-122.272238,37.45755],[-122.272236,37.457549],[-122.272227,37.457543],[-122.272215,37.457536],[-122.272203,37.457529],[-122.272202,37.457529],[-122.272192,37.457522],[-122.272191,37.457521],[-122.27218,37.457515],[-122.272179,37.457514],[-122.272169,37.457507],[-122.272159,37.4575],[-122.272148,37.457492],[-122.272131,37.457478],[-122.27212,37.45747],[-122.27211,37.457462],[-122.272101,37.457453],[-122.27209,37.457445],[-122.272082,37.457436],[-122.272073,37.457427],[-122.27202,37.457371],[-122.271997,37.457345],[-122.271993,37.457341],[-122.271991,37.457339],[-122.271988,37.457336],[-122.271986,37.457334],[-122.271984,37.457331],[-122.271981,37.457329],[-122.271979,37.457327],[-122.271976,37.457324],[-122.271974,37.457322],[-122.27197,37.457319],[-122.271968,37.457317],[-122.271965,37.457315],[-122.271963,37.457313],[-122.271962,37.457312],[-122.27196,37.457311],[-122.271956,37.457309],[-122.271956,37.457309],[-122.271954,37.457307],[-122.271953,37.457306],[-122.271951,37.457305],[-122.271947,37.457303],[-122.271944,37.457301],[-122.271944,37.457301],[-122.271942,37.457299],[-122.271941,37.457299],[-122.271939,37.457297],[-122.271935,37.457296],[-122.271932,37.457294],[-122.271928,37.457292],[-122.271925,37.457291],[-122.271924,37.45729],[-122.271923,37.457289],[-122.271922,37.457288],[-122.27192,37.457287],[-122.271916,37.457286],[-122.271913,37.457285],[-122.271909,37.457283],[-122.271906,37.457282],[-122.271902,37.45728],[-122.271899,37.457279],[-122.271895,37.457278],[-122.27189,37.457277],[-122.271887,37.457276],[-122.271883,37.457275],[-122.27188,37.457274],[-122.271876,37.457273],[-122.271873,37.457272],[-122.271869,37.457271],[-122.271864,37.45727],[-122.271861,37.45727],[-122.271857,37.457269],[-122.271854,37.457268],[-122.27185,37.457268],[-122.271845,37.457267],[-122.271841,37.457266],[-122.271838,37.457266],[-122.271835,37.457266],[-122.271831,37.457266],[-122.271826,37.457265],[-122.271823,37.457265],[-122.271819,37.457265],[-122.271816,37.457265],[-122.27181,37.457265],[-122.271809,37.457265],[-122.271807,37.457265],[-122.271804,37.457265],[-122.2718,37.457265],[-122.271795,37.457265],[-122.27179,37.457266],[-122.271786,37.457266],[-122.271783,37.457266],[-122.271778,37.457266],[-122.271774,37.457267],[-122.271771,37.457268],[-122.271767,37.457268],[-122.271762,37.457269],[-122.271759,37.457269],[-122.271755,37.45727],[-122.271752,37.457271],[-122.271749,37.457272],[-122.271743,37.457273],[-122.27174,37.457273],[-122.271737,37.457275],[-122.271733,37.457276],[-122.27173,37.457277],[-122.271726,37.457278],[-122.271723,37.457279],[-122.271719,37.45728],[-122.271581,37.457318],[-122.271447,37.457354],[-122.271444,37.457355],[-122.27144,37.457356],[-122.271435,37.457357],[-122.271432,37.457358],[-122.271428,37.45736],[-122.271425,37.45736],[-122.27142,37.457361],[-122.271416,37.457362],[-122.271413,37.457363],[-122.27141,37.457364],[-122.271404,37.457364],[-122.271401,37.457365],[-122.271398,37.457365],[-122.271394,37.457366],[-122.271389,37.457366],[-122.271386,37.457366],[-122.271382,37.457367],[-122.271374,37.457367],[-122.27137,37.457367],[-122.271367,37.457367],[-122.271361,37.457367],[-122.271358,37.457368],[-122.271355,37.457368],[-122.271351,37.457367],[-122.271346,37.457367],[-122.271343,37.457367],[-122.271339,37.457367],[-122.271334,37.457366],[-122.27133,37.457366],[-122.271327,37.457366],[-122.271322,37.457365],[-122.271318,37.457364],[-122.271315,37.457364],[-122.271311,37.457363],[-122.271306,37.457362],[-122.271303,37.457361],[-122.271299,37.457361],[-122.271296,37.45736],[-122.271292,37.457359],[-122.271287,37.457358],[-122.271284,37.457357],[-122.27128,37.457356],[-122.271277,37.457355],[-122.271276,37.457354],[-122.271197,37.45727],[-122.271197,37.457271],[-122.27116,37.457359],[-122.270946,37.457887],[-122.270869,37.457867],[-122.270714,37.457827],[-122.270395,37.457744],[-122.26991,37.457618],[-122.269668,37.458061],[-122.269666,37.458064],[-122.269652,37.458059],[-122.269631,37.458051],[-122.269611,37.458043],[-122.269592,37.458035],[-122.269572,37.458026],[-122.269553,37.458017],[-122.269534,37.458007],[-122.269516,37.457997],[-122.269498,37.457987],[-122.26948,37.457976],[-122.269478,37.457975],[-122.269462,37.457965],[-122.269462,37.457965],[-122.269445,37.457953],[-122.269429,37.457941],[-122.269412,37.457929],[-122.269411,37.457929],[-122.269376,37.457908],[-122.269339,37.457886],[-122.269301,37.457865],[-122.269264,37.457845],[-122.269226,37.457825],[-122.269187,37.457805],[-122.269149,37.457786],[-122.26911,37.457767],[-122.268667,37.457551],[-122.268608,37.457521],[-122.268607,37.457521],[-122.268601,37.457516],[-122.268596,37.45751],[-122.268591,37.457505],[-122.268586,37.457498],[-122.268582,37.457492],[-122.268578,37.457486],[-122.268575,37.457479],[-122.268573,37.457472],[-122.268571,37.457465],[-122.26857,37.457458],[-122.268569,37.457451],[-122.268569,37.457444],[-122.268569,37.457436],[-122.268669,37.457283],[-122.268806,37.457084],[-122.268816,37.45707],[-122.268816,37.45707],[-122.268814,37.457069],[-122.268667,37.457005],[-122.268386,37.456898],[-122.268314,37.456995],[-122.268029,37.456878],[-122.268028,37.456877],[-122.267949,37.456825],[-122.267942,37.456835],[-122.267935,37.456846],[-122.267823,37.456995],[-122.267615,37.457274],[-122.267161,37.457025],[-122.267025,37.45695],[-122.266883,37.456873],[-122.266581,37.456707],[-122.266581,37.456707],[-122.266599,37.456673],[-122.266603,37.456664],[-122.266606,37.456655],[-122.266611,37.456645],[-122.266614,37.456636],[-122.266617,37.456627],[-122.26662,37.456617],[-122.266622,37.456608],[-122.266625,37.456598],[-122.266627,37.456589],[-122.26663,37.456579],[-122.266633,37.456565],[-122.26669,37.456339],[-122.26669,37.456336],[-122.26669,37.456336],[-122.266691,37.456332],[-122.266693,37.456329],[-122.266693,37.456326],[-122.266693,37.456326],[-122.266694,37.456322],[-122.266694,37.456319],[-122.266694,37.456319],[-122.266694,37.456316],[-122.266694,37.456316],[-122.266696,37.456312],[-122.266696,37.456309],[-122.266696,37.456309],[-122.266696,37.456306],[-122.266696,37.456305],[-122.266697,37.456302],[-122.266697,37.456299],[-122.266697,37.456299],[-122.266697,37.456296],[-122.266697,37.456295],[-122.266697,37.456292],[-122.266697,37.456292],[-122.266697,37.456289],[-122.266697,37.456289],[-122.266697,37.456285],[-122.266697,37.456285],[-122.266697,37.456282],[-122.266697,37.456282],[-122.266697,37.456278],[-122.266697,37.456278],[-122.266697,37.456275],[-122.266697,37.456275],[-122.266697,37.456272],[-122.266697,37.456272],[-122.266695,37.456268],[-122.266695,37.456265],[-122.266695,37.456265],[-122.266695,37.456262],[-122.266695,37.456262],[-122.266693,37.456258],[-122.266693,37.456255],[-122.266693,37.456255],[-122.266693,37.456252],[-122.266693,37.456252],[-122.266691,37.456248],[-122.266691,37.456245],[-122.266691,37.456245],[-122.266689,37.456242],[-122.266689,37.456238],[-122.266689,37.456238],[-122.266687,37.456235],[-122.266685,37.456232],[-122.266684,37.456229],[-122.266684,37.456225],[-122.266684,37.456225],[-122.266682,37.456222],[-122.26668,37.456219],[-122.266678,37.456216],[-122.266676,37.456213],[-122.266675,37.45621],[-122.266673,37.456207],[-122.266671,37.456203],[-122.266669,37.4562],[-122.266667,37.456197],[-122.266666,37.456195],[-122.266664,37.456192],[-122.26666,37.456189],[-122.266658,37.456186],[-122.266657,37.456183],[-122.266655,37.45618],[-122.266651,37.456177],[-122.26665,37.456175],[-122.266646,37.456172],[-122.266644,37.456169],[-122.266641,37.456167],[-122.266639,37.456164],[-122.266635,37.456161],[-122.266634,37.456159],[-122.26663,37.456156],[-122.266627,37.456154],[-122.266625,37.456152],[-122.266621,37.456149],[-122.266618,37.456147],[-122.266614,37.456145],[-122.266611,37.456143],[-122.266609,37.45614],[-122.266606,37.456138],[-122.266602,37.456136],[-122.266599,37.456134],[-122.266595,37.456132],[-122.266592,37.45613],[-122.266588,37.456128],[-122.266585,37.456126],[-122.266581,37.456124],[-122.266578,37.456123],[-122.266573,37.456121],[-122.266569,37.45612],[-122.266566,37.456118],[-122.266562,37.456116],[-122.266559,37.456115],[-122.266555,37.456114],[-122.26655,37.456112],[-122.266546,37.456111],[-122.266539,37.456109],[-122.26646,37.456084],[-122.266206,37.456005],[-122.266038,37.455953],[-122.266075,37.45588],[-122.266075,37.45588],[-122.26613,37.455791],[-122.266251,37.455595],[-122.266251,37.455595],[-122.266201,37.455572],[-122.266066,37.455511],[-122.265916,37.455443],[-122.265772,37.455378],[-122.265312,37.45517],[-122.265164,37.455102],[-122.26502,37.455037],[-122.26473,37.454906],[-122.264584,37.45484],[-122.264278,37.454701],[-122.264128,37.454633],[-122.263964,37.454559],[-122.263745,37.454459],[-122.263535,37.454364],[-122.263445,37.454503],[-122.263278,37.454417],[-122.263278,37.454417],[-122.263355,37.454283],[-122.263354,37.454282],[-122.26305,37.454144],[-122.262998,37.454339],[-122.262939,37.454329],[-122.262923,37.454326],[-122.262907,37.454323],[-122.262891,37.454321],[-122.262875,37.454319],[-122.262859,37.454318],[-122.262842,37.454317],[-122.262826,37.454316],[-122.26281,37.454316],[-122.262794,37.454317],[-122.262778,37.454318],[-122.262761,37.454319],[-122.262745,37.454321],[-122.262729,37.454324],[-122.262712,37.454326],[-122.262696,37.45433],[-122.26268,37.454334],[-122.262664,37.454338],[-122.262648,37.454343],[-122.262632,37.454348],[-122.262617,37.454354],[-122.262602,37.45436],[-122.262588,37.454367],[-122.262573,37.454374],[-122.262559,37.454382],[-122.262546,37.45439],[-122.262532,37.454398],[-122.26252,37.454407],[-122.262507,37.454416],[-122.262495,37.454425],[-122.262484,37.454435],[-122.262473,37.454445],[-122.262462,37.454456],[-122.262452,37.454467],[-122.262442,37.454478],[-122.262433,37.454489],[-122.262425,37.454501],[-122.262417,37.454513],[-122.26241,37.454525],[-122.262403,37.454537],[-122.262397,37.45455],[-122.262391,37.454563],[-122.262386,37.454575],[-122.262382,37.454588],[-122.262378,37.454602],[-122.262375,37.454615],[-122.261885,37.454567],[-122.261779,37.45465],[-122.261716,37.454699],[-122.261628,37.454767],[-122.261354,37.454982],[-122.260846,37.455378],[-122.260225,37.455863],[-122.260102,37.455959],[-122.259232,37.456639],[-122.258877,37.456916],[-122.258884,37.456925],[-122.25889,37.456934],[-122.258898,37.456942],[-122.258906,37.45695],[-122.258914,37.456958],[-122.258923,37.456965],[-122.258932,37.456973],[-122.258941,37.456979],[-122.25895,37.456985],[-122.258951,37.456986],[-122.258962,37.456992],[-122.258973,37.456998],[-122.258984,37.457003],[-122.258995,37.457008],[-122.259006,37.457012],[-122.259018,37.457016],[-122.25903,37.45702],[-122.259043,37.457023],[-122.259055,37.457025],[-122.259068,37.457027],[-122.25908,37.457029],[-122.259099,37.457033],[-122.259118,37.457037],[-122.259137,37.457042],[-122.259157,37.457048],[-122.259177,37.457054],[-122.259196,37.45706],[-122.259215,37.457067],[-122.259235,37.457074],[-122.259253,37.457082],[-122.259272,37.45709],[-122.25929,37.457099],[-122.259308,37.457108],[-122.259326,37.457117],[-122.259343,37.457127],[-122.25936,37.457137],[-122.259376,37.457147],[-122.259377,37.457148],[-122.259393,37.457159],[-122.259409,37.45717],[-122.259424,37.457182],[-122.259439,37.457194],[-122.259454,37.457206],[-122.259468,37.457218],[-122.259482,37.457231],[-122.259495,37.457245],[-122.259506,37.45726],[-122.259517,37.457274],[-122.259529,37.457289],[-122.259541,37.457303],[-122.259554,37.457317],[-122.259567,37.457331],[-122.259581,37.457344],[-122.259595,37.457357],[-122.259609,37.45737],[-122.259624,37.457383],[-122.25964,37.457395],[-122.259655,37.457407],[-122.259533,37.457504],[-122.259332,37.457681],[-122.259331,37.45768],[-122.259277,37.457643],[-122.259277,37.457643],[-122.259089,37.457815],[-122.259052,37.45798],[-122.259003,37.458504],[-122.258911,37.458564],[-122.25855,37.4588],[-122.258533,37.458811],[-122.258489,37.45884],[-122.258924,37.459646],[-122.2588,37.459633],[-122.258799,37.459773],[-122.258734,37.460309],[-122.258734,37.46031],[-122.258869,37.460294],[-122.258908,37.460287],[-122.259024,37.460355],[-122.259069,37.460381],[-122.259255,37.46049],[-122.259401,37.460575],[-122.259515,37.460643],[-122.259516,37.460643],[-122.259598,37.460696],[-122.259707,37.460772],[-122.259777,37.460819],[-122.259908,37.46091],[-122.259955,37.460943],[-122.260029,37.461015],[-122.260083,37.461067],[-122.260153,37.461135],[-122.260263,37.461241],[-122.260306,37.461282],[-122.260373,37.461338],[-122.260403,37.461363],[-122.260487,37.461434],[-122.260488,37.461435],[-122.260931,37.461181],[-122.260931,37.461181],[-122.260986,37.461244],[-122.261073,37.461303],[-122.2612,37.461388],[-122.261204,37.461391],[-122.261208,37.461395],[-122.261212,37.461398],[-122.261215,37.461402],[-122.261217,37.461407],[-122.261219,37.461411],[-122.26122,37.461416],[-122.261221,37.461421],[-122.261221,37.461425],[-122.26122,37.46143],[-122.261219,37.461435],[-122.261217,37.461439],[-122.261215,37.461443],[-122.261212,37.461447],[-122.261208,37.461451],[-122.261204,37.461455],[-122.2612,37.461458],[-122.261195,37.46146],[-122.26119,37.461463],[-122.261184,37.461465],[-122.261328,37.461566],[-122.261329,37.461567],[-122.261615,37.461477],[-122.261622,37.461474],[-122.261629,37.461472],[-122.261636,37.46147],[-122.261643,37.461468],[-122.26165,37.461467],[-122.26198,37.461367],[-122.261982,37.461366],[-122.261984,37.461386],[-122.262006,37.461557],[-122.262017,37.461642],[-122.262017,37.461644],[-122.262244,37.461538],[-122.262387,37.461472],[-122.262502,37.461418],[-122.262571,37.461376],[-122.262684,37.461306],[-122.262783,37.461245],[-122.262784,37.461244],[-122.262935,37.461445],[-122.263051,37.461544],[-122.262685,37.461741],[-122.262683,37.461742],[-122.262683,37.461742],[-122.262898,37.461872],[-122.263089,37.461987],[-122.26309,37.461988],[-122.262984,37.462113],[-122.262983,37.462114],[-122.263083,37.462125],[-122.263209,37.462138],[-122.263212,37.462138],[-122.263174,37.462209],[-122.262987,37.462561],[-122.262967,37.46268],[-122.262963,37.462702],[-122.262864,37.462689],[-122.262843,37.462688],[-122.262823,37.462686],[-122.262803,37.462684],[-122.262783,37.462681],[-122.262764,37.462678],[-122.262744,37.462674],[-122.262725,37.46267],[-122.262705,37.462666],[-122.262686,37.462661],[-122.262667,37.462655],[-122.262648,37.462649],[-122.26263,37.462643],[-122.262616,37.462638],[-122.262603,37.462633],[-122.262589,37.462629],[-122.262575,37.462626],[-122.262561,37.462622],[-122.262546,37.462619],[-122.262532,37.462617],[-122.262517,37.462615],[-122.262503,37.462613],[-122.262488,37.462612],[-122.262473,37.462612],[-122.262457,37.462611],[-122.262442,37.462612],[-122.262427,37.462612],[-122.262412,37.462614],[-122.262397,37.462615],[-122.262381,37.462618],[-122.262367,37.46262],[-122.262352,37.462623],[-122.262337,37.462627],[-122.262323,37.462631],[-122.262309,37.462635],[-122.262295,37.46264],[-122.262281,37.462645],[-122.262267,37.462651],[-122.262254,37.462657],[-122.262241,37.462664],[-122.262234,37.462668],[-122.262222,37.462675],[-122.26221,37.462682],[-122.262199,37.462689],[-122.262188,37.462697],[-122.262178,37.462705],[-122.262168,37.462714],[-122.262158,37.462723],[-122.262149,37.462732],[-122.26214,37.462741],[-122.262132,37.462751],[-122.262124,37.46276],[-122.262116,37.462771],[-122.26211,37.462781],[-122.262108,37.462779],[-122.262031,37.462665],[-122.26203,37.462665],[-122.261843,37.462586],[-122.261685,37.462519],[-122.261601,37.462483],[-122.261601,37.462483],[-122.261601,37.46248],[-122.261599,37.46248],[-122.261484,37.462504],[-122.261483,37.462503],[-122.261443,37.462104],[-122.261442,37.462104],[-122.261048,37.462226],[-122.261047,37.462224],[-122.260987,37.462101],[-122.260904,37.461923],[-122.260903,37.461923],[-122.260613,37.462007],[-122.26061,37.46201],[-122.260533,37.462085],[-122.260469,37.462147],[-122.26049,37.462317],[-122.260491,37.462341],[-122.260496,37.46242],[-122.260503,37.462556],[-122.260513,37.46272],[-122.260515,37.462761],[-122.260523,37.462899],[-122.260474,37.463036],[-122.260101,37.462935],[-122.260098,37.462935],[-122.259965,37.462882],[-122.259942,37.462904],[-122.25992,37.462926],[-122.259898,37.462949],[-122.259877,37.462972],[-122.259856,37.462995],[-122.259835,37.463019],[-122.259815,37.463042],[-122.259796,37.463066],[-122.259777,37.46309],[-122.259758,37.463115],[-122.259754,37.463123],[-122.259745,37.463142],[-122.259736,37.463162],[-122.259727,37.463181],[-122.259719,37.463201],[-122.259712,37.463221],[-122.259705,37.463241],[-122.259699,37.463261],[-122.259693,37.463281],[-122.259687,37.463301],[-122.259683,37.463321],[-122.259679,37.463342],[-122.259677,37.463346],[-122.259676,37.463351],[-122.259673,37.463356],[-122.25967,37.46336],[-122.259667,37.463364],[-122.259662,37.463367],[-122.259658,37.463371],[-122.259653,37.463374],[-122.259648,37.463376],[-122.259642,37.463378],[-122.259637,37.46338],[-122.259631,37.463381],[-122.259625,37.463381],[-122.259618,37.463381],[-122.259612,37.463381],[-122.259606,37.46338],[-122.259601,37.463379],[-122.259595,37.463377],[-122.259583,37.463372],[-122.259571,37.463368],[-122.259558,37.463365],[-122.259546,37.463362],[-122.259533,37.463359],[-122.259509,37.463496],[-122.259501,37.463494],[-122.259493,37.463493],[-122.259485,37.463491],[-122.259476,37.46349],[-122.259468,37.46349],[-122.25946,37.46349],[-122.259451,37.46349],[-122.259443,37.463491],[-122.259435,37.463493],[-122.259426,37.463495],[-122.259419,37.463497],[-122.259411,37.4635],[-122.259403,37.463503],[-122.259396,37.463506],[-122.259389,37.46351],[-122.259383,37.463515],[-122.259377,37.463519],[-122.259292,37.463587],[-122.259451,37.46369],[-122.259452,37.463691],[-122.259257,37.4639],[-122.259236,37.463888],[-122.259215,37.463877],[-122.259194,37.463866],[-122.259172,37.463855],[-122.25915,37.463845],[-122.259127,37.463836],[-122.259105,37.463827],[-122.259083,37.463817],[-122.259061,37.463808],[-122.259039,37.463797],[-122.258908,37.463734],[-122.258901,37.46373],[-122.258894,37.463725],[-122.258893,37.463725],[-122.258887,37.463721],[-122.25888,37.463716],[-122.25888,37.463716],[-122.258721,37.463796],[-122.258533,37.464196],[-122.258326,37.46415],[-122.258149,37.46411],[-122.257966,37.464069],[-122.257966,37.464068],[-122.258338,37.463841],[-122.258234,37.463732],[-122.257826,37.463325],[-122.257825,37.463325],[-122.257721,37.463321],[-122.257687,37.46332],[-122.257687,37.463319],[-122.257705,37.463116],[-122.25773,37.462834],[-122.257737,37.462748],[-122.257741,37.462707],[-122.257739,37.462706],[-122.257591,37.462648],[-122.257418,37.46258],[-122.257373,37.462563],[-122.257238,37.46251],[-122.257053,37.462438],[-122.256954,37.462399],[-122.256851,37.462358],[-122.256474,37.462473],[-122.256386,37.4625],[-122.255983,37.462622],[-122.255807,37.462676],[-122.255718,37.462705],[-122.255708,37.462773],[-122.255707,37.462956],[-122.255715,37.463212],[-122.255925,37.463438],[-122.256165,37.463666],[-122.256139,37.463823],[-122.256136,37.463836],[-122.255872,37.464031],[-122.255918,37.464078],[-122.256041,37.464201],[-122.256042,37.464202],[-122.256145,37.464227],[-122.256361,37.464279],[-122.256364,37.46428],[-122.256539,37.464322],[-122.256552,37.464321],[-122.256637,37.464313],[-122.256787,37.464299],[-122.25679,37.464299],[-122.256759,37.464351],[-122.256688,37.464472],[-122.256614,37.464597],[-122.256536,37.46473],[-122.256889,37.464956],[-122.256891,37.464957],[-122.256961,37.465008],[-122.256812,37.465159],[-122.256858,37.465208],[-122.25707,37.465443],[-122.256882,37.465619],[-122.256922,37.465692],[-122.256922,37.465694],[-122.256961,37.465684],[-122.257126,37.465643],[-122.25729,37.465601],[-122.25745,37.465561],[-122.257482,37.465552],[-122.257483,37.465552],[-122.257493,37.465573],[-122.257493,37.465575],[-122.257856,37.465444],[-122.257858,37.465443],[-122.257853,37.465544],[-122.257853,37.465545],[-122.257934,37.465545],[-122.257935,37.465545],[-122.257992,37.465626],[-122.258087,37.465762],[-122.258239,37.465978],[-122.258243,37.465991],[-122.2583,37.466195],[-122.258354,37.466388],[-122.258372,37.466452],[-122.258372,37.466454],[-122.258499,37.466351],[-122.258642,37.466442],[-122.258644,37.466443],[-122.258638,37.466448],[-122.258632,37.466455],[-122.258628,37.466461],[-122.258624,37.466468],[-122.25862,37.466474],[-122.258617,37.466482],[-122.258614,37.466489],[-122.258613,37.466496],[-122.258611,37.466503],[-122.258611,37.466511],[-122.258611,37.466518],[-122.258612,37.466526],[-122.258613,37.466533],[-122.258615,37.46654],[-122.258618,37.466547],[-122.258621,37.466554],[-122.258625,37.466561],[-122.258629,37.466568],[-122.258634,37.466574],[-122.258639,37.46658],[-122.258645,37.466586],[-122.258652,37.466591],[-122.258658,37.466596],[-122.258658,37.466596],[-122.258664,37.4666],[-122.258666,37.466601],[-122.258673,37.466605],[-122.258681,37.466609],[-122.25869,37.466613],[-122.258698,37.466616],[-122.258707,37.466618],[-122.258714,37.46662],[-122.258716,37.46662],[-122.258511,37.46691],[-122.258492,37.466938],[-122.258369,37.467112],[-122.258246,37.467286],[-122.257977,37.467666],[-122.257963,37.467678],[-122.257834,37.467787],[-122.257819,37.467799],[-122.257826,37.467795],[-122.257841,37.467784],[-122.257856,37.467774],[-122.257871,37.467764],[-122.257887,37.467755],[-122.257903,37.467746],[-122.257919,37.467737],[-122.257936,37.467729],[-122.257953,37.467722],[-122.257971,37.467714],[-122.257988,37.467708],[-122.258006,37.467701],[-122.258025,37.467695],[-122.258043,37.46769],[-122.258062,37.467685],[-122.258081,37.46768],[-122.2581,37.467676],[-122.258119,37.467673],[-122.258138,37.46767],[-122.258158,37.467667],[-122.258177,37.467665],[-122.258197,37.467664],[-122.258357,37.467655],[-122.258532,37.467645],[-122.258554,37.467645],[-122.258556,37.467645],[-122.258556,37.467699],[-122.258604,37.468123],[-122.259115,37.468521],[-122.259211,37.468599],[-122.259198,37.468609],[-122.259185,37.46862],[-122.259171,37.46863],[-122.259156,37.468639],[-122.259141,37.468649],[-122.259126,37.468657],[-122.259111,37.468666],[-122.259095,37.468674],[-122.259079,37.468681],[-122.259062,37.468688],[-122.259045,37.468695],[-122.259028,37.468701],[-122.259011,37.468707],[-122.258991,37.468713],[-122.258902,37.468739],[-122.258887,37.468743],[-122.258873,37.468748],[-122.258858,37.468754],[-122.258845,37.468759],[-122.258831,37.468766],[-122.258818,37.468773],[-122.258805,37.46878],[-122.258792,37.468787],[-122.25878,37.468795],[-122.258768,37.468804],[-122.258757,37.468812],[-122.258746,37.468821],[-122.258736,37.468831],[-122.258726,37.46884],[-122.258716,37.46885],[-122.258707,37.468861],[-122.258699,37.468871],[-122.258691,37.468882],[-122.258684,37.468893],[-122.258677,37.468904],[-122.258671,37.468916],[-122.258665,37.468928],[-122.25866,37.46894],[-122.258656,37.468952],[-122.258652,37.468964],[-122.258648,37.468976],[-122.258646,37.468988],[-122.258641,37.469014],[-122.258639,37.469036],[-122.258637,37.469056],[-122.258635,37.469077],[-122.258635,37.469097],[-122.258634,37.469117],[-122.258635,37.469137],[-122.258636,37.469157],[-122.258638,37.469177],[-122.25864,37.469197],[-122.258644,37.469217],[-122.258647,37.469237],[-122.258652,37.469257],[-122.258656,37.469277],[-122.258662,37.469296],[-122.258668,37.469316],[-122.258675,37.469335],[-122.258682,37.469355],[-122.25869,37.469374],[-122.258699,37.469393],[-122.258708,37.469412],[-122.258718,37.46943],[-122.258727,37.469447],[-122.258737,37.469464],[-122.258748,37.469481],[-122.258759,37.469498],[-122.258771,37.469514],[-122.258783,37.46953],[-122.258795,37.469546],[-122.258808,37.469562],[-122.258822,37.469578],[-122.258836,37.469593],[-122.25885,37.469608],[-122.258865,37.469622],[-122.25888,37.469637],[-122.258901,37.469657],[-122.258909,37.469665],[-122.259219,37.469955],[-122.259239,37.469975],[-122.259501,37.470221],[-122.25951,37.470229],[-122.259518,37.470238],[-122.259526,37.470247],[-122.259547,37.470277],[-122.259554,37.470287],[-122.259559,37.470298],[-122.259564,37.470308],[-122.259569,37.470319],[-122.259573,37.47033],[-122.259576,37.470341],[-122.259579,37.470352],[-122.259582,37.470363],[-122.259584,37.470374],[-122.259584,37.470381],[-122.259585,37.470392],[-122.259586,37.470403],[-122.259586,37.470414],[-122.259585,37.470425],[-122.259584,37.470436],[-122.259582,37.470447],[-122.259567,37.470645],[-122.259557,37.470781],[-122.259557,37.470782],[-122.260032,37.470805],[-122.260045,37.470654],[-122.260075,37.47031],[-122.260106,37.469965],[-122.260374,37.470137],[-122.260375,37.470138],[-122.26048,37.470205],[-122.260481,37.470206],[-122.260572,37.470264],[-122.260574,37.470265],[-122.260655,37.470265],[-122.260657,37.470265],[-122.260658,37.470265],[-122.260661,37.470335],[-122.260686,37.471035],[-122.260686,37.471036],[-122.260737,37.471031],[-122.260796,37.471025],[-122.260805,37.471024],[-122.260806,37.471024],[-122.260842,37.471118],[-122.260616,37.471489],[-122.260611,37.471498],[-122.260514,37.471657],[-122.26041,37.471837],[-122.26041,37.471837],[-122.260696,37.471915],[-122.260739,37.471927],[-122.260741,37.471927],[-122.260626,37.472122],[-122.260572,37.472215],[-122.260349,37.472593],[-122.26026,37.472618],[-122.260386,37.472851],[-122.260411,37.472899],[-122.260464,37.472967],[-122.260546,37.473129],[-122.260622,37.473285],[-122.260642,37.473324],[-122.260653,37.473344],[-122.260662,37.473361],[-122.260671,37.473378],[-122.260681,37.473394],[-122.260692,37.473411],[-122.260703,37.473427],[-122.260714,37.473443],[-122.260726,37.473459],[-122.260737,37.473475],[-122.260749,37.47349],[-122.260762,37.473506],[-122.260776,37.473521],[-122.260788,37.473536],[-122.260802,37.473551],[-122.260816,37.473566],[-122.26083,37.47358],[-122.260845,37.473594],[-122.260795,37.473642],[-122.261305,37.474051],[-122.26131,37.474054],[-122.261314,37.474058],[-122.261318,37.474062],[-122.261321,37.474066],[-122.261324,37.474071],[-122.261326,37.474076],[-122.261328,37.47408],[-122.261329,37.474085],[-122.26133,37.47409],[-122.26133,37.474095],[-122.261329,37.4741],[-122.261328,37.474105],[-122.261327,37.47411],[-122.261325,37.474115],[-122.260704,37.475099],[-122.260704,37.475099],[-122.260866,37.475136],[-122.260868,37.475137],[-122.260828,37.475226],[-122.260798,37.47532],[-122.260797,37.475324],[-122.260726,37.475657],[-122.260691,37.475819],[-122.260691,37.475819],[-122.260973,37.475857],[-122.260974,37.475857],[-122.261071,37.475982],[-122.261239,37.476093],[-122.261042,37.476293],[-122.261041,37.476292],[-122.260654,37.475995],[-122.260654,37.475995],[-122.260566,37.476406],[-122.260553,37.476467],[-122.260472,37.476845],[-122.260433,37.477027],[-122.260423,37.477077],[-122.260375,37.477301],[-122.260375,37.477301],[-122.260753,37.477415],[-122.26087,37.477451],[-122.261284,37.477575],[-122.261332,37.47759],[-122.261479,37.477634],[-122.261598,37.47767],[-122.2616,37.477671],[-122.261321,37.477816],[-122.261018,37.477973],[-122.260897,37.478072],[-122.260797,37.47819],[-122.26089,37.478279],[-122.260822,37.478375],[-122.260787,37.478394],[-122.260648,37.47856],[-122.259629,37.479454],[-122.259449,37.479612],[-122.259447,37.479613],[-122.259219,37.479813],[-122.259152,37.479872],[-122.259084,37.47993],[-122.25892,37.48007],[-122.258867,37.480116],[-122.258701,37.480259],[-122.258645,37.480306],[-122.25847,37.480456],[-122.258469,37.480455],[-122.258462,37.480449],[-122.258462,37.480449],[-122.258291,37.480597],[-122.258128,37.480739],[-122.258126,37.480737],[-122.258113,37.480727],[-122.258101,37.480717],[-122.257773,37.480452],[-122.257933,37.480315],[-122.258104,37.480166],[-122.257949,37.480044],[-122.257776,37.479908],[-122.257676,37.479828],[-122.257593,37.479763],[-122.257392,37.479604],[-122.256971,37.479271],[-122.25697,37.479271],[-122.256818,37.47939],[-122.256612,37.479552],[-122.256283,37.479808],[-122.256252,37.479832],[-122.255998,37.480031],[-122.255876,37.480126],[-122.255795,37.480189],[-122.255794,37.480188],[-122.255604,37.480041],[-122.255604,37.480041],[-122.255356,37.480238],[-122.255364,37.480244],[-122.255297,37.480297],[-122.255093,37.480458],[-122.254899,37.480611],[-122.254715,37.480756],[-122.254433,37.480969],[-122.254261,37.481114],[-122.253918,37.481385],[-122.253884,37.481411],[-122.254072,37.48156],[-122.254226,37.481681],[-122.254451,37.481858],[-122.254597,37.481973],[-122.254784,37.48212],[-122.25503,37.482314],[-122.255236,37.482477],[-122.255452,37.482647],[-122.255596,37.48276],[-122.255601,37.482764],[-122.255603,37.482765],[-122.255611,37.482769],[-122.255619,37.482773],[-122.255627,37.482776],[-122.255636,37.482779],[-122.255644,37.482782],[-122.255653,37.482784],[-122.255663,37.482785],[-122.255672,37.482786],[-122.255681,37.482787],[-122.255691,37.482787],[-122.2557,37.482786],[-122.255709,37.482785],[-122.255718,37.482784],[-122.255727,37.482782],[-122.255736,37.482779],[-122.255745,37.482776],[-122.255753,37.482773],[-122.255761,37.482769],[-122.255769,37.482765],[-122.255776,37.48276],[-122.255783,37.482755],[-122.255789,37.48275],[-122.255795,37.482744],[-122.255795,37.482744],[-122.255806,37.482752],[-122.255808,37.482753],[-122.25606,37.482535],[-122.256058,37.482534],[-122.256051,37.48253],[-122.256051,37.48253],[-122.256205,37.4824],[-122.256381,37.482252],[-122.256437,37.482205],[-122.256707,37.481978],[-122.256797,37.481902],[-122.256797,37.481902],[-122.256868,37.481955],[-122.256916,37.481992],[-122.256918,37.481993],[-122.257011,37.481912],[-122.257067,37.481865],[-122.257223,37.481732],[-122.257224,37.481732],[-122.257593,37.482025],[-122.257964,37.482319],[-122.258534,37.482771],[-122.258536,37.482772],[-122.258536,37.482773],[-122.25858,37.482819],[-122.258671,37.482915],[-122.258709,37.483042],[-122.25875,37.483185],[-122.258707,37.483244],[-122.258489,37.483191],[-122.258448,37.483205],[-122.258128,37.483313],[-122.25803,37.483346],[-122.257855,37.483451],[-122.25778,37.483546],[-122.257722,37.483568],[-122.257526,37.483645],[-122.257472,37.483666],[-122.257328,37.483722],[-122.257149,37.483792],[-122.257015,37.483807],[-122.257006,37.483808],[-122.257005,37.483808],[-122.257209,37.48397],[-122.257372,37.484025],[-122.257506,37.484034],[-122.257851,37.484059],[-122.258091,37.484077],[-122.258161,37.484082],[-122.258407,37.484099],[-122.258611,37.484114],[-122.258817,37.484129],[-122.259022,37.484144],[-122.259232,37.484159],[-122.259363,37.484168],[-122.25959,37.484185],[-122.259605,37.484139],[-122.259606,37.484134],[-122.259684,37.483903],[-122.259738,37.483744],[-122.26008,37.483766],[-122.260437,37.483789],[-122.260447,37.483712],[-122.260698,37.483733],[-122.261123,37.483768],[-122.261124,37.483769],[-122.261103,37.483945],[-122.261103,37.483946],[-122.260741,37.483917],[-122.2607,37.484265],[-122.2607,37.484266],[-122.261062,37.484295],[-122.261276,37.484312],[-122.261282,37.484312],[-122.261288,37.484312],[-122.261294,37.484311],[-122.2613,37.48431],[-122.261306,37.484308],[-122.261311,37.484306],[-122.261316,37.484303],[-122.261321,37.4843],[-122.261325,37.484297],[-122.261329,37.484293],[-122.261333,37.484289],[-122.261335,37.484285],[-122.261477,37.484295],[-122.261477,37.484295],[-122.261479,37.484299],[-122.261481,37.484303],[-122.261483,37.484307],[-122.261486,37.484311],[-122.261489,37.484313],[-122.26149,37.484314],[-122.261494,37.484317],[-122.261498,37.48432],[-122.261502,37.484322],[-122.261507,37.484324],[-122.261512,37.484325],[-122.261518,37.484326],[-122.261784,37.484346],[-122.26179,37.484346],[-122.261836,37.483929],[-122.262064,37.483945],[-122.262296,37.483962],[-122.262298,37.483962],[-122.262282,37.484098],[-122.262251,37.484378],[-122.262251,37.484379],[-122.262349,37.484386],[-122.26235,37.484386],[-122.262333,37.484549],[-122.262302,37.484823],[-122.262287,37.484959],[-122.262264,37.485169],[-122.262263,37.485177],[-122.262247,37.48532],[-122.262245,37.48534],[-122.262238,37.485399],[-122.262232,37.485457],[-122.262217,37.485594],[-122.262214,37.485619],[-122.262201,37.485731],[-122.26219,37.485836],[-122.261952,37.485819],[-122.261923,37.486044],[-122.261892,37.486042],[-122.261613,37.486023],[-122.261326,37.486004],[-122.26131,37.486003],[-122.26131,37.486002],[-122.261335,37.485774],[-122.261334,37.485774],[-122.261207,37.485765],[-122.261197,37.485765],[-122.260705,37.485729],[-122.260532,37.485717],[-122.26036,37.485704],[-122.260356,37.485735],[-122.260342,37.485873],[-122.260313,37.486146],[-122.260154,37.486134],[-122.260075,37.486128],[-122.259843,37.48611],[-122.259631,37.486098],[-122.259526,37.486014],[-122.258826,37.485451],[-122.258525,37.485208],[-122.257647,37.484513],[-122.257197,37.484157],[-122.257157,37.484126],[-122.256825,37.483864],[-122.256721,37.483898],[-122.256602,37.483952],[-122.256551,37.483975],[-122.256345,37.484045],[-122.256203,37.48402],[-122.256182,37.484016],[-122.256112,37.484004],[-122.256102,37.48403],[-122.256001,37.484288],[-122.255712,37.484094],[-122.255543,37.484146],[-122.255383,37.484197],[-122.255325,37.484215],[-122.255259,37.484235],[-122.254993,37.484319],[-122.254761,37.484391],[-122.254747,37.484406],[-122.254699,37.48446],[-122.254603,37.484568],[-122.254526,37.484654],[-122.254464,37.484723],[-122.25439,37.48472],[-122.254134,37.484712],[-122.254097,37.484711],[-122.253957,37.484787],[-122.253923,37.484806],[-122.253796,37.484876],[-122.25378,37.484884],[-122.253725,37.484914],[-122.253722,37.485039],[-122.253726,37.485165],[-122.253726,37.485175],[-122.253703,37.485278],[-122.253701,37.485286],[-122.253684,37.485318],[-122.253624,37.485432],[-122.253564,37.485549],[-122.253529,37.485617],[-122.253536,37.485656],[-122.253552,37.485753],[-122.253541,37.485786],[-122.253496,37.485918],[-122.253428,37.486045],[-122.253416,37.486068],[-122.253403,37.486092],[-122.253368,37.486158],[-122.253323,37.48624],[-122.253287,37.486269],[-122.253202,37.486337],[-122.253127,37.486397],[-122.253038,37.486441],[-122.252859,37.486531],[-122.252792,37.486552],[-122.252632,37.486602],[-122.252452,37.486658],[-122.252439,37.486663],[-122.252291,37.486735],[-122.252277,37.486742],[-122.252155,37.486808],[-122.252071,37.48684],[-122.252062,37.486844],[-122.252009,37.486865],[-122.25194,37.486893],[-122.251819,37.486905],[-122.25177,37.486909],[-122.251733,37.486908],[-122.251664,37.486906],[-122.251612,37.486904],[-122.251543,37.486918],[-122.251474,37.486933],[-122.251317,37.486966],[-122.251292,37.486957],[-122.251131,37.486898],[-122.250942,37.486828],[-122.250939,37.486828],[-122.250886,37.486826],[-122.250544,37.486815],[-122.250495,37.486832],[-122.250293,37.486901],[-122.250227,37.486937],[-122.250086,37.487015],[-122.250002,37.487061],[-122.249972,37.487078],[-122.249844,37.487275],[-122.249809,37.48733],[-122.249772,37.48737],[-122.249682,37.487469],[-122.249561,37.487601],[-122.249478,37.487692],[-122.249394,37.487784],[-122.249303,37.487884],[-122.24931,37.487927],[-122.249338,37.488091],[-122.249344,37.488124],[-122.249112,37.488222],[-122.249072,37.488284],[-122.249042,37.488331],[-122.248966,37.488446],[-122.248952,37.488519],[-122.248913,37.488706],[-122.24888,37.488868],[-122.24888,37.48887],[-122.248844,37.488957],[-122.2488,37.489067],[-122.248787,37.489098],[-122.248738,37.489156],[-122.248662,37.489245],[-122.248576,37.489347],[-122.24851,37.489426],[-122.248364,37.489599],[-122.248328,37.489603],[-122.248254,37.48961],[-122.248033,37.489634],[-122.247993,37.489655],[-122.247845,37.489734],[-122.247737,37.489851],[-122.247635,37.489975],[-122.247586,37.49005],[-122.247581,37.490057],[-122.247608,37.490103],[-122.247619,37.490122],[-122.24765,37.490172],[-122.247723,37.490293],[-122.247731,37.490345],[-122.247732,37.490355],[-122.247643,37.490469],[-122.247552,37.490587],[-122.247587,37.490696],[-122.247565,37.490753],[-122.24755,37.49076],[-122.247406,37.490833],[-122.247396,37.490838],[-122.247395,37.490839],[-122.247459,37.490865],[-122.247461,37.490865],[-122.247453,37.490872],[-122.247386,37.490929],[-122.247375,37.490961],[-122.247341,37.491057],[-122.247339,37.491065],[-122.247326,37.491101],[-122.247312,37.491115],[-122.247137,37.491204],[-122.246955,37.491303],[-122.246921,37.491333],[-122.246864,37.491384],[-122.246814,37.491424],[-122.246739,37.491473],[-122.246734,37.491476],[-122.246728,37.49148],[-122.246533,37.491537],[-122.24645,37.491562],[-122.246377,37.491613],[-122.246317,37.491655],[-122.246235,37.491711],[-122.246085,37.491783],[-122.245927,37.491858],[-122.245738,37.491948],[-122.245709,37.492061],[-122.24565,37.492285],[-122.245595,37.492322],[-122.245457,37.492414],[-122.245444,37.492423],[-122.245351,37.492533],[-122.245314,37.49268],[-122.245303,37.492725],[-122.245249,37.492815],[-122.245125,37.492927],[-122.244974,37.492993],[-122.244856,37.493044],[-122.244772,37.493048],[-122.24468,37.493052],[-122.2445,37.493064],[-122.244486,37.493065],[-122.24437,37.493118],[-122.244315,37.493153],[-122.2443,37.493306],[-122.244306,37.493424],[-122.244306,37.493431],[-122.244243,37.494453],[-122.24506,37.495161],[-122.245061,37.495162],[-122.244418,37.49564],[-122.243976,37.495968],[-122.243956,37.495983],[-122.243832,37.496075],[-122.243725,37.496154],[-122.243436,37.496369],[-122.243423,37.496378],[-122.243263,37.496497],[-122.243221,37.496528],[-122.243134,37.496593],[-122.243012,37.496684],[-122.242885,37.496778],[-122.242756,37.496874],[-122.242632,37.496966],[-122.24251,37.497056],[-122.242422,37.497122],[-122.242378,37.497154],[-122.242245,37.497253],[-122.242106,37.497356],[-122.241975,37.497454],[-122.241913,37.4975],[-122.241842,37.497552],[-122.241711,37.497649],[-122.241582,37.497745],[-122.241347,37.498032],[-122.241281,37.49814],[-122.241268,37.498228],[-122.241095,37.498137],[-122.240775,37.497934],[-122.240701,37.497888],[-122.240584,37.497815],[-122.240513,37.497767],[-122.240318,37.497769],[-122.240217,37.497771],[-122.238411,37.4978],[-122.240839,37.49995],[-122.24084,37.499951],[-122.241089,37.50017],[-122.24109,37.500171],[-122.241734,37.500738],[-122.241735,37.500739],[-122.242273,37.501212],[-122.242274,37.501213],[-122.242666,37.501559],[-122.242667,37.50156],[-122.242922,37.501785],[-122.242923,37.501786],[-122.243283,37.502104],[-122.243284,37.502105],[-122.243359,37.502171],[-122.24336,37.502172],[-122.244844,37.503484],[-122.244845,37.503485],[-122.245339,37.503922],[-122.24534,37.503923],[-122.246677,37.505105],[-122.246678,37.505106],[-122.247038,37.505425],[-122.247039,37.505426],[-122.246425,37.505866],[-122.246298,37.505958],[-122.245631,37.506439],[-122.245052,37.506858],[-122.245011,37.507459],[-122.245089,37.507572],[-122.248677,37.512792],[-122.248678,37.513012],[-122.248692,37.51625],[-122.2487,37.518162],[-122.248847,37.518162],[-122.249229,37.518161],[-122.249257,37.518158],[-122.249566,37.518121],[-122.249734,37.518095],[-122.249845,37.518076],[-122.250048,37.518035],[-122.250219,37.517997],[-122.250276,37.517983],[-122.250332,37.517969],[-122.250388,37.517954],[-122.250443,37.517939],[-122.250499,37.517924],[-122.250554,37.517908],[-122.250569,37.517904],[-122.250617,37.51789],[-122.250664,37.517876],[-122.250711,37.517861],[-122.250757,37.517846],[-122.250804,37.517831],[-122.25085,37.517815],[-122.250896,37.517798],[-122.250942,37.517781],[-122.250987,37.517764],[-122.251033,37.517746],[-122.251078,37.517728],[-122.251122,37.517709],[-122.251166,37.51769],[-122.25121,37.51767],[-122.251254,37.51765],[-122.251298,37.517629],[-122.251341,37.517608],[-122.251383,37.517587],[-122.251426,37.517565],[-122.251468,37.517543],[-122.251509,37.51752],[-122.251551,37.517497],[-122.251591,37.517474],[-122.251632,37.51745],[-122.251672,37.517425],[-122.251712,37.517401],[-122.251751,37.517376],[-122.25179,37.51735],[-122.251829,37.517324],[-122.251867,37.517298],[-122.251905,37.517271],[-122.251942,37.517244],[-122.251979,37.517217],[-122.252015,37.517189],[-122.252051,37.517161],[-122.252113,37.517107],[-122.252632,37.516656],[-122.252632,37.516656],[-122.253034,37.516348],[-122.253084,37.516309],[-122.25312,37.516284],[-122.253321,37.516112],[-122.253328,37.516107],[-122.253475,37.515987],[-122.254007,37.515549],[-122.254027,37.515532],[-122.254048,37.515515],[-122.254068,37.515498],[-122.254087,37.515481],[-122.254106,37.515463],[-122.254125,37.515446],[-122.254143,37.515427],[-122.25416,37.515409],[-122.254177,37.51539],[-122.254194,37.515371],[-122.25421,37.515351],[-122.254226,37.515332],[-122.254241,37.515312],[-122.254256,37.515292],[-122.25427,37.515271],[-122.254283,37.515251],[-122.254296,37.51523],[-122.254309,37.515209],[-122.254321,37.515188],[-122.254332,37.515166],[-122.254343,37.515145],[-122.254353,37.515123],[-122.254363,37.515101],[-122.254372,37.515079],[-122.254372,37.515079],[-122.2553,37.515925],[-122.256232,37.516744],[-122.256233,37.516745],[-122.256879,37.517314],[-122.25688,37.517314],[-122.257329,37.517709],[-122.25733,37.51771],[-122.258031,37.518327],[-122.258032,37.518327],[-122.258058,37.51835],[-122.258059,37.518351],[-122.258822,37.519022],[-122.258823,37.519023],[-122.259257,37.519405],[-122.259258,37.519406],[-122.259661,37.519761],[-122.259662,37.519761],[-122.26075,37.520718],[-122.260751,37.520719],[-122.260987,37.520518],[-122.261074,37.520444],[-122.26108,37.520439],[-122.26108,37.520439],[-122.261547,37.520842],[-122.261857,37.521109],[-122.261867,37.521118],[-122.262007,37.521239],[-122.262021,37.521251],[-122.262514,37.521677],[-122.262527,37.521688],[-122.263371,37.522449],[-122.26338,37.522456],[-122.263386,37.522461],[-122.263642,37.522693],[-122.263651,37.522701],[-122.263657,37.522706],[-122.264598,37.523555],[-122.264606,37.523578],[-122.264671,37.523761],[-122.265141,37.525078],[-122.265562,37.525567],[-122.265647,37.525665],[-122.265683,37.525707],[-122.26573,37.525761],[-122.266392,37.526349],[-122.2674,37.527243],[-122.267763,37.527566],[-122.267771,37.527573],[-122.268146,37.52782],[-122.268441,37.528014],[-122.268445,37.528018],[-122.268985,37.528526],[-122.269331,37.528851],[-122.270042,37.529268],[-122.270042,37.529268],[-122.270037,37.529516],[-122.270037,37.529516],[-122.270012,37.530658],[-122.269141,37.53066],[-122.268037,37.530662],[-122.267768,37.530663],[-122.267551,37.530662],[-122.267391,37.531201],[-122.267479,37.531519],[-122.267467,37.531679],[-122.267377,37.532023],[-122.267254,37.532495],[-122.266809,37.533214],[-122.266108,37.533589],[-122.265934,37.533682],[-122.265052,37.533962],[-122.265048,37.533963],[-122.265048,37.533963],[-122.264431,37.533989],[-122.263868,37.533687],[-122.262964,37.533313],[-122.261985,37.533123],[-122.261169,37.533323],[-122.260985,37.533474],[-122.260593,37.534027],[-122.260592,37.534028],[-122.260555,37.53411],[-122.260467,37.534307],[-122.260478,37.5346],[-122.259954,37.534608],[-122.259967,37.534772],[-122.25998,37.534957],[-122.259993,37.535143],[-122.260005,37.535329],[-122.260017,37.535514],[-122.260029,37.5357],[-122.260039,37.535886],[-122.26005,37.536071],[-122.26016,37.537084],[-122.260012,37.539079],[-122.259509,37.539961],[-122.25885,37.540477],[-122.258125,37.540843],[-122.257147,37.541005],[-122.256355,37.540968],[-122.255599,37.540932],[-122.255288,37.540825],[-122.254977,37.540718],[-122.254667,37.54061],[-122.254357,37.540502],[-122.254047,37.540393],[-122.253737,37.540284],[-122.253428,37.540174],[-122.253119,37.540064],[-122.25281,37.539954],[-122.251868,37.539849],[-122.251277,37.540117],[-122.251291,37.540228],[-122.250888,37.540312],[-122.250228,37.541051],[-122.250245,37.54174],[-122.250453,37.542075],[-122.251374,37.543377],[-122.25141,37.543415],[-122.251444,37.543453],[-122.251479,37.543492],[-122.251512,37.543531],[-122.251546,37.54357],[-122.251578,37.543609],[-122.251611,37.543649],[-122.251642,37.543688],[-122.251673,37.543729],[-122.251704,37.543769],[-122.251734,37.54381],[-122.251763,37.543851],[-122.251792,37.543892],[-122.25182,37.543933],[-122.251848,37.543975],[-122.251875,37.544017],[-122.251902,37.544059],[-122.251928,37.544101],[-122.251953,37.544144],[-122.251978,37.544187],[-122.252002,37.54423],[-122.252026,37.544273],[-122.252049,37.544317],[-122.252072,37.54436],[-122.252094,37.544404],[-122.252115,37.544448],[-122.252136,37.544492],[-122.252156,37.544537],[-122.252176,37.544581],[-122.252194,37.544626],[-122.252213,37.544671],[-122.25223,37.544716],[-122.252248,37.544761],[-122.252264,37.544806],[-122.25228,37.544852],[-122.252295,37.544897],[-122.25231,37.544943],[-122.252324,37.544989],[-122.252337,37.545035],[-122.25235,37.545081],[-122.252362,37.545127],[-122.252374,37.545173],[-122.252384,37.54522],[-122.252395,37.545266],[-122.252404,37.545311],[-122.252413,37.545357],[-122.252421,37.545402],[-122.252429,37.545448],[-122.252435,37.545493],[-122.252442,37.545539],[-122.252448,37.545584],[-122.252453,37.54563],[-122.252457,37.545676],[-122.252461,37.545722],[-122.252465,37.545767],[-122.252467,37.545813],[-122.252469,37.545859],[-122.252471,37.545905],[-122.252472,37.545951],[-122.252472,37.545997],[-122.252472,37.546043],[-122.252471,37.546088],[-122.252469,37.546136],[-122.252467,37.546183],[-122.252464,37.54623],[-122.25246,37.546277],[-122.252456,37.546324],[-122.252451,37.546371],[-122.252446,37.546418],[-122.25244,37.546465],[-122.252433,37.546512],[-122.252426,37.546559],[-122.252418,37.546606],[-122.252409,37.546652],[-122.2524,37.546699],[-122.25239,37.546746],[-122.252379,37.546792],[-122.252368,37.546838],[-122.252356,37.546885],[-122.252344,37.546931],[-122.252331,37.546977],[-122.252317,37.547023],[-122.252303,37.547069],[-122.252288,37.547114],[-122.252273,37.54716],[-122.252257,37.547205],[-122.25224,37.547251],[-122.252223,37.547296],[-122.252205,37.547341],[-122.252186,37.547386],[-122.252167,37.54743],[-122.252147,37.547475],[-122.252127,37.547519],[-122.252106,37.547563],[-122.252085,37.547607],[-122.252063,37.547651],[-122.25204,37.547695],[-122.252017,37.547738],[-122.251993,37.547782],[-122.251968,37.547825],[-122.251943,37.547867],[-122.251918,37.54791],[-122.251891,37.547952],[-122.251865,37.547994],[-122.251837,37.548036],[-122.25181,37.548078],[-122.251781,37.548119],[-122.251752,37.548161],[-122.251723,37.548202],[-122.251692,37.548242],[-122.251662,37.548283],[-122.251631,37.548323],[-122.251599,37.548363],[-122.251567,37.548402],[-122.251534,37.548442],[-122.251501,37.548481],[-122.251467,37.548519],[-122.251432,37.548558],[-122.251398,37.548596],[-122.244611,37.553546],[-122.244612,37.553585],[-122.244624,37.55413],[-122.244635,37.554773],[-122.244652,37.555725],[-122.244734,37.560416],[-122.244735,37.560448],[-122.244811,37.563122],[-122.244465,37.563123],[-122.244551,37.566815],[-122.242965,37.569452],[-122.242408,37.570378],[-122.20638,37.570383],[-122.196621,37.570382],[-122.196655,37.566745],[-122.187486,37.566704],[-122.178092,37.566719]],[[-122.254706,37.47755],[-122.254819,37.477471],[-122.255747,37.477317],[-122.25585,37.477399],[-122.255867,37.477412],[-122.25595,37.477478],[-122.255971,37.477461],[-122.256068,37.477384],[-122.256225,37.477259],[-122.256382,37.477142],[-122.256613,37.476957],[-122.256918,37.476711],[-122.257123,37.476549],[-122.257411,37.476321],[-122.257523,37.476233],[-122.257734,37.476065],[-122.258072,37.475797],[-122.258125,37.475756],[-122.258214,37.475685],[-122.25834,37.475585],[-122.258344,37.475582],[-122.258436,37.47551],[-122.258612,37.47537],[-122.258777,37.475239],[-122.258966,37.47509],[-122.259053,37.475021],[-122.259201,37.474904],[-122.259347,37.474788],[-122.259347,37.474788],[-122.259045,37.474654],[-122.25844,37.474387],[-122.25836,37.474511],[-122.258234,37.474459],[-122.257944,37.474328],[-122.257731,37.474232],[-122.257731,37.474232],[-122.257789,37.474167],[-122.257934,37.474004],[-122.257959,37.474016],[-122.257982,37.473988],[-122.258005,37.47396],[-122.258028,37.473933],[-122.25805,37.473905],[-122.25805,37.473904],[-122.25792,37.47383],[-122.257629,37.473668],[-122.257629,37.473668],[-122.257783,37.473458],[-122.257919,37.473273],[-122.257992,37.473166],[-122.257992,37.473166],[-122.257985,37.473166],[-122.25798,37.473166],[-122.257977,37.473165],[-122.257963,37.473165],[-122.257949,37.473163],[-122.257935,37.473161],[-122.257921,37.473159],[-122.257907,37.473156],[-122.257893,37.473153],[-122.25788,37.473149],[-122.257866,37.473145],[-122.257853,37.47314],[-122.25784,37.473135],[-122.257828,37.47313],[-122.257816,37.473124],[-122.257804,37.473117],[-122.257792,37.473111],[-122.257781,37.473103],[-122.257771,37.473096],[-122.25776,37.473088],[-122.25775,37.47308],[-122.257743,37.473073],[-122.257547,37.472882],[-122.257496,37.472833],[-122.257482,37.472818],[-122.257467,37.472802],[-122.257453,37.472786],[-122.25744,37.472769],[-122.257427,37.472753],[-122.257415,37.472736],[-122.257403,37.472719],[-122.257392,37.472702],[-122.257381,37.472684],[-122.257371,37.472666],[-122.257362,37.472648],[-122.257355,37.472635],[-122.257347,37.472621],[-122.257338,37.472608],[-122.25733,37.472595],[-122.25732,37.472582],[-122.257311,37.472569],[-122.2573,37.472556],[-122.25729,37.472544],[-122.257278,37.472532],[-122.257266,37.47252],[-122.257253,37.472508],[-122.25724,37.472496],[-122.257227,37.472485],[-122.257213,37.472474],[-122.257199,37.472464],[-122.257184,37.472454],[-122.257169,37.472444],[-122.257153,37.472434],[-122.257136,37.472425],[-122.25712,37.472416],[-122.257103,37.472408],[-122.257085,37.4724],[-122.257068,37.472392],[-122.25705,37.472385],[-122.257033,37.472379],[-122.257016,37.472373],[-122.256999,37.472368],[-122.256982,37.472363],[-122.256965,37.472359],[-122.256947,37.472355],[-122.25693,37.472351],[-122.256912,37.472348],[-122.256894,37.472345],[-122.256876,37.472343],[-122.256857,37.472341],[-122.256838,37.472339],[-122.256819,37.472338],[-122.256799,37.472337],[-122.25678,37.472337],[-122.256761,37.472338],[-122.256742,37.472338],[-122.256723,37.472339],[-122.256704,37.472341],[-122.256685,37.472343],[-122.256666,37.472346],[-122.256647,37.472349],[-122.25664,37.472338],[-122.256621,37.472342],[-122.256602,37.472348],[-122.256584,37.472353],[-122.256566,37.472359],[-122.256548,37.472366],[-122.256531,37.472373],[-122.256514,37.47238],[-122.256497,37.472388],[-122.25648,37.472396],[-122.256464,37.472405],[-122.256448,37.472414],[-122.256432,37.472423],[-122.256417,37.472433],[-122.256402,37.472443],[-122.256387,37.472454],[-122.256366,37.472471],[-122.256143,37.472657],[-122.256136,37.472663],[-122.256128,37.472668],[-122.25612,37.472673],[-122.256112,37.472677],[-122.256103,37.472681],[-122.256094,37.472685],[-122.256085,37.472688],[-122.256076,37.47269],[-122.256066,37.472693],[-122.256056,37.472694],[-122.256046,37.472695],[-122.256036,37.472696],[-122.256026,37.472696],[-122.256016,37.472696],[-122.256007,37.472695],[-122.255997,37.472694],[-122.255987,37.472692],[-122.255977,37.47269],[-122.255968,37.472687],[-122.255959,37.472684],[-122.25595,37.47268],[-122.255941,37.472676],[-122.255933,37.472671],[-122.255925,37.472666],[-122.255918,37.472661],[-122.255911,37.472655],[-122.255904,37.472649],[-122.255898,37.472643],[-122.255893,37.472636],[-122.255888,37.472629],[-122.255883,37.472622],[-122.25588,37.472615],[-122.255876,37.472607],[-122.255874,37.4726],[-122.255872,37.472592],[-122.25587,37.472584],[-122.25587,37.472584],[-122.255867,37.472567],[-122.255867,37.472567],[-122.255864,37.47255],[-122.25586,37.472533],[-122.255856,37.472517],[-122.255851,37.4725],[-122.255845,37.472484],[-122.255839,37.472468],[-122.255832,37.472452],[-122.255824,37.472436],[-122.255816,37.472421],[-122.255808,37.472406],[-122.255799,37.47239],[-122.255789,37.472375],[-122.255779,37.472361],[-122.255768,37.472346],[-122.255757,37.472332],[-122.255745,37.472318],[-122.255733,37.472304],[-122.25572,37.472291],[-122.255702,37.472273],[-122.255683,37.472256],[-122.255663,37.47224],[-122.255642,37.472224],[-122.25562,37.472209],[-122.255598,37.472195],[-122.255575,37.472181],[-122.255551,37.472168],[-122.255527,37.472156],[-122.255502,37.472145],[-122.255479,37.472136],[-122.255457,37.472126],[-122.255433,37.472117],[-122.25541,37.472109],[-122.255386,37.472101],[-122.255363,37.472094],[-122.255339,37.472087],[-122.255314,37.47208],[-122.25529,37.472074],[-122.255252,37.472066],[-122.255242,37.472062],[-122.255231,37.472058],[-122.255221,37.472054],[-122.255211,37.472049],[-122.255201,37.472044],[-122.255192,37.472038],[-122.255183,37.472032],[-122.255174,37.472025],[-122.255166,37.472019],[-122.255158,37.472012],[-122.255151,37.472004],[-122.255145,37.471996],[-122.255138,37.471989],[-122.255133,37.47198],[-122.255127,37.471972],[-122.255123,37.471963],[-122.255119,37.471955],[-122.255115,37.471946],[-122.255112,37.471937],[-122.25511,37.471927],[-122.255108,37.471918],[-122.255108,37.471918],[-122.255107,37.471909],[-122.255107,37.471909],[-122.255107,37.4719],[-122.255107,37.4719],[-122.255107,37.47189],[-122.255107,37.47189],[-122.255107,37.471881],[-122.255107,37.471881],[-122.255109,37.471872],[-122.25511,37.471862],[-122.255113,37.471853],[-122.255146,37.471776],[-122.255203,37.471639],[-122.25526,37.471505],[-122.255315,37.471376],[-122.25537,37.471246],[-122.25537,37.471246],[-122.255352,37.471243],[-122.255352,37.471243],[-122.255357,37.471232],[-122.255361,37.471221],[-122.255364,37.47121],[-122.255367,37.471199],[-122.255369,37.471188],[-122.255371,37.471177],[-122.255371,37.471177],[-122.255372,37.471166],[-122.255372,37.471166],[-122.255372,37.471155],[-122.255372,37.471155],[-122.255372,37.471144],[-122.255372,37.471144],[-122.255371,37.471132],[-122.255371,37.471132],[-122.255369,37.471121],[-122.255369,37.471121],[-122.255367,37.47111],[-122.255365,37.471099],[-122.255361,37.471088],[-122.255358,37.471077],[-122.255353,37.471067],[-122.255348,37.471056],[-122.255343,37.471046],[-122.255337,37.471036],[-122.25533,37.471026],[-122.255323,37.471016],[-122.255315,37.471007],[-122.255294,37.470985],[-122.255285,37.470976],[-122.255275,37.470968],[-122.255265,37.47096],[-122.255254,37.470953],[-122.255243,37.470946],[-122.255231,37.470939],[-122.255219,37.470933],[-122.255207,37.470927],[-122.255194,37.470922],[-122.255182,37.470917],[-122.255169,37.470912],[-122.255155,37.470908],[-122.255142,37.470904],[-122.255128,37.470901],[-122.255114,37.470899],[-122.255101,37.470897],[-122.255087,37.470895],[-122.255074,37.470894],[-122.25506,37.470893],[-122.255046,37.470893],[-122.255033,37.470893],[-122.255019,37.470894],[-122.255005,37.470895],[-122.254992,37.470896],[-122.254978,37.470898],[-122.254965,37.470901],[-122.254952,37.470903],[-122.254939,37.470907],[-122.254926,37.470911],[-122.254913,37.470915],[-122.254908,37.470917],[-122.254448,37.47108],[-122.254375,37.471105],[-122.254113,37.471199],[-122.254098,37.471204],[-122.254083,37.471209],[-122.254068,37.471213],[-122.254053,37.471217],[-122.254038,37.471221],[-122.254022,37.471224],[-122.254006,37.471227],[-122.253991,37.471229],[-122.253975,37.47123],[-122.253959,37.471231],[-122.253943,37.471232],[-122.253927,37.471232],[-122.253911,37.471232],[-122.253895,37.471231],[-122.253879,37.47123],[-122.253863,37.471228],[-122.253847,37.471226],[-122.253831,37.471223],[-122.253816,37.47122],[-122.2538,37.471216],[-122.253785,37.471212],[-122.25377,37.471207],[-122.253755,37.471202],[-122.25374,37.471196],[-122.253726,37.47119],[-122.253712,37.471184],[-122.253698,37.471177],[-122.253685,37.471169],[-122.253672,37.471162],[-122.253659,37.471153],[-122.253662,37.471131],[-122.253662,37.471131],[-122.253651,37.471125],[-122.253639,37.471118],[-122.253627,37.471113],[-122.253615,37.471108],[-122.253602,37.471103],[-122.25359,37.471098],[-122.253577,37.471094],[-122.253564,37.47109],[-122.25355,37.471087],[-122.253537,37.471084],[-122.253524,37.471082],[-122.253511,37.47108],[-122.253498,37.471078],[-122.253485,37.471077],[-122.253472,37.471076],[-122.253459,37.471076],[-122.253446,37.471076],[-122.253433,37.471076],[-122.253421,37.471077],[-122.253408,37.471078],[-122.253395,37.471079],[-122.253383,37.471081],[-122.253368,37.471083],[-122.253354,37.471086],[-122.25334,37.471089],[-122.253326,37.471093],[-122.253313,37.471097],[-122.253299,37.471102],[-122.253286,37.471107],[-122.253273,37.471113],[-122.253261,37.471119],[-122.253249,37.471125],[-122.253249,37.471125],[-122.253299,37.471198],[-122.253299,37.471198],[-122.253295,37.4712],[-122.253292,37.471202],[-122.253287,37.471205],[-122.253284,37.471207],[-122.25328,37.471209],[-122.253277,37.471211],[-122.253273,37.471213],[-122.25327,37.471216],[-122.253267,37.471218],[-122.253263,37.47122],[-122.25326,37.471223],[-122.253256,37.471226],[-122.253253,37.471228],[-122.253251,37.471231],[-122.253248,37.471233],[-122.253245,37.471236],[-122.253241,37.471239],[-122.25324,37.471242],[-122.253236,37.471245],[-122.253233,37.471247],[-122.253231,37.47125],[-122.253228,37.471253],[-122.253226,37.471256],[-122.253223,37.471259],[-122.253221,37.471262],[-122.253218,37.471265],[-122.253216,37.471268],[-122.253214,37.471271],[-122.253211,37.471274],[-122.253209,37.471278],[-122.253208,37.471281],[-122.253206,37.471284],[-122.253204,37.471288],[-122.253203,37.471291],[-122.253201,37.471294],[-122.2532,37.471297],[-122.253198,37.471301],[-122.253196,37.471304],[-122.253195,37.471308],[-122.253193,37.471311],[-122.253191,37.471315],[-122.25319,37.471318],[-122.25319,37.471318],[-122.25319,37.471321],[-122.253188,37.471325],[-122.253188,37.471325],[-122.253188,37.471328],[-122.253187,37.471332],[-122.253185,37.471335],[-122.253185,37.471335],[-122.253185,37.471339],[-122.253185,37.471339],[-122.253185,37.471342],[-122.253183,37.471346],[-122.253183,37.471346],[-122.253184,37.47135],[-122.253184,37.47135],[-122.253184,37.471353],[-122.253182,37.471357],[-122.253182,37.471357],[-122.253182,37.47136],[-122.253182,37.47136],[-122.253182,37.471364],[-122.253182,37.471364],[-122.253182,37.471368],[-122.253182,37.471368],[-122.253182,37.471371],[-122.253182,37.471371],[-122.253182,37.471375],[-122.253182,37.471375],[-122.253182,37.471378],[-122.253182,37.471378],[-122.253183,37.471382],[-122.253183,37.471382],[-122.253183,37.471385],[-122.253183,37.471386],[-122.253183,37.471389],[-122.253183,37.471389],[-122.253185,37.471416],[-122.253185,37.471416],[-122.253187,37.471442],[-122.253187,37.471442],[-122.25319,37.471468],[-122.25319,37.471468],[-122.25319,37.471494],[-122.25319,37.471494],[-122.253191,37.47152],[-122.253191,37.47152],[-122.25319,37.471546],[-122.25319,37.471546],[-122.253189,37.471572],[-122.253108,37.471538],[-122.252684,37.471403],[-122.252611,37.471441],[-122.252534,37.471478],[-122.252534,37.471478],[-122.252608,37.471577],[-122.252614,37.471585],[-122.252619,37.471593],[-122.252624,37.471601],[-122.252628,37.47161],[-122.252632,37.471619],[-122.252635,37.471628],[-122.252637,37.471637],[-122.252639,37.471646],[-122.252639,37.471646],[-122.252641,37.471655],[-122.252641,37.471655],[-122.252641,37.471664],[-122.252641,37.471665],[-122.252641,37.471674],[-122.252641,37.471674],[-122.252641,37.471683],[-122.252641,37.471683],[-122.25264,37.471692],[-122.252638,37.471701],[-122.252636,37.47171],[-122.252633,37.471719],[-122.252629,37.471728],[-122.252625,37.471737],[-122.25262,37.471745],[-122.252615,37.471754],[-122.252609,37.471762],[-122.252603,37.47177],[-122.252596,37.471777],[-122.252589,37.471784],[-122.252581,37.471791],[-122.252573,37.471798],[-122.252344,37.471973],[-122.252319,37.471938],[-122.252161,37.472058],[-122.252155,37.472062],[-122.25215,37.472066],[-122.252144,37.472069],[-122.252144,37.472069],[-122.25229,37.472215],[-122.252289,37.472215],[-122.252287,37.472217],[-122.252284,37.472222],[-122.252281,37.472226],[-122.252278,37.472231],[-122.252276,37.472236],[-122.252275,37.472241],[-122.252273,37.472251],[-122.252273,37.472251],[-122.252272,37.472261],[-122.252272,37.472261],[-122.252272,37.472271],[-122.252272,37.472271],[-122.252272,37.472281],[-122.252272,37.472281],[-122.252273,37.472291],[-122.252273,37.472292],[-122.252274,37.472301],[-122.252274,37.472302],[-122.252276,37.472311],[-122.252278,37.472321],[-122.252281,37.472331],[-122.252285,37.472341],[-122.252289,37.47235],[-122.252294,37.47236],[-122.252299,37.472369],[-122.252305,37.472378],[-122.252311,37.472387],[-122.252318,37.472395],[-122.252325,37.472403],[-122.252333,37.472411],[-122.252341,37.472419],[-122.25235,37.472426],[-122.252359,37.472433],[-122.252369,37.47244],[-122.25263,37.472628],[-122.252642,37.472636],[-122.252654,37.472643],[-122.252665,37.472649],[-122.252678,37.472655],[-122.25269,37.472661],[-122.252703,37.472666],[-122.252716,37.472671],[-122.252729,37.472675],[-122.252743,37.472679],[-122.252757,37.472683],[-122.25277,37.472686],[-122.252777,37.472687],[-122.252777,37.472687],[-122.252782,37.472809],[-122.252782,37.472809],[-122.252809,37.473167],[-122.25255,37.473218],[-122.252502,37.473228],[-122.252502,37.473228],[-122.252676,37.473368],[-122.252676,37.473368],[-122.252664,37.473701],[-122.252918,37.473685],[-122.252933,37.473686],[-122.252948,37.473686],[-122.252963,37.473688],[-122.252977,37.473689],[-122.252992,37.473692],[-122.253007,37.473694],[-122.253021,37.473697],[-122.253036,37.473701],[-122.25305,37.473705],[-122.253063,37.47371],[-122.253077,37.473715],[-122.25309,37.473721],[-122.253139,37.473711],[-122.253139,37.473711],[-122.252983,37.473346],[-122.252983,37.473346],[-122.253416,37.473228],[-122.253692,37.473152],[-122.253949,37.473082],[-122.254317,37.472982],[-122.25475,37.474024],[-122.25475,37.474024],[-122.254429,37.474108],[-122.254089,37.474197],[-122.253606,37.474323],[-122.253606,37.474324],[-122.253814,37.474704],[-122.253814,37.474704],[-122.253621,37.474678],[-122.252909,37.474582],[-122.252772,37.474552],[-122.252697,37.474666],[-122.252687,37.47468],[-122.252678,37.474695],[-122.252669,37.47471],[-122.252261,37.474678],[-122.252026,37.47466],[-122.252026,37.47466],[-122.252216,37.474509],[-122.252361,37.474395],[-122.252532,37.474264],[-122.252693,37.474142],[-122.252751,37.474097],[-122.253034,37.473944],[-122.253039,37.473941],[-122.253046,37.473939],[-122.253052,37.473938],[-122.253052,37.473938],[-122.252989,37.473805],[-122.252981,37.4738],[-122.252973,37.473795],[-122.252964,37.473791],[-122.252955,37.473787],[-122.252946,37.473784],[-122.252936,37.473781],[-122.252927,37.473778],[-122.252917,37.473776],[-122.252907,37.473774],[-122.252897,37.473773],[-122.252887,37.473773],[-122.252877,37.473772],[-122.252867,37.473773],[-122.252856,37.473773],[-122.252846,37.473775],[-122.252514,37.473793],[-122.252495,37.473796],[-122.252476,37.473797],[-122.252458,37.473798],[-122.252439,37.473799],[-122.25242,37.473799],[-122.252401,37.473799],[-122.252383,37.473799],[-122.252364,37.473797],[-122.252345,37.473796],[-122.252326,37.473794],[-122.252308,37.473791],[-122.25229,37.473788],[-122.252271,37.473784],[-122.252253,37.47378],[-122.252235,37.473776],[-122.252217,37.473771],[-122.252199,37.473766],[-122.252181,37.47376],[-122.252164,37.473753],[-122.252147,37.473746],[-122.25213,37.473739],[-122.252113,37.473731],[-122.252096,37.473723],[-122.25208,37.473714],[-122.252065,37.473705],[-122.252049,37.473696],[-122.252034,37.473686],[-122.25202,37.473675],[-122.252006,37.473665],[-122.251992,37.473654],[-122.251979,37.473642],[-122.251966,37.47363],[-122.251954,37.473618],[-122.251942,37.473606],[-122.251931,37.473593],[-122.25192,37.47358],[-122.25191,37.473567],[-122.251882,37.473582],[-122.251564,37.473751],[-122.251549,37.47376],[-122.251469,37.473802],[-122.25133,37.473878],[-122.250858,37.474133],[-122.250855,37.47415],[-122.250853,37.474168],[-122.250853,37.474168],[-122.250851,37.474186],[-122.250851,37.474186],[-122.25085,37.474203],[-122.25085,37.474204],[-122.25085,37.474221],[-122.25085,37.474221],[-122.25085,37.474239],[-122.25085,37.474239],[-122.25085,37.474257],[-122.25085,37.474257],[-122.250851,37.474274],[-122.250851,37.474275],[-122.250853,37.474292],[-122.250853,37.474292],[-122.250855,37.47431],[-122.250855,37.47431],[-122.250858,37.474328],[-122.250858,37.474328],[-122.250861,37.474345],[-122.250865,37.474363],[-122.250869,37.474377],[-122.250873,37.474392],[-122.250877,37.474406],[-122.250883,37.474424],[-122.25089,37.474442],[-122.250898,37.47446],[-122.250905,37.474478],[-122.250914,37.474495],[-122.250923,37.474512],[-122.250933,37.474529],[-122.250943,37.474546],[-122.250954,37.474563],[-122.250965,37.474579],[-122.250977,37.474595],[-122.25099,37.474611],[-122.251003,37.474627],[-122.251016,37.474642],[-122.25103,37.474657],[-122.251045,37.474672],[-122.25106,37.474687],[-122.251075,37.474701],[-122.251087,37.47471],[-122.251402,37.474958],[-122.251522,37.475057],[-122.25177,37.475251],[-122.251797,37.475271],[-122.251889,37.475344],[-122.25201,37.475439],[-122.252123,37.475528],[-122.252135,37.475537],[-122.252249,37.475626],[-122.252382,37.47573],[-122.252503,37.475825],[-122.252626,37.475922],[-122.252649,37.475939],[-122.25275,37.476019],[-122.252871,37.476113],[-122.252921,37.476152],[-122.252998,37.476213],[-122.253117,37.476306],[-122.253208,37.476377],[-122.253244,37.476406],[-122.253365,37.476501],[-122.253488,37.476597],[-122.253546,37.476642],[-122.253604,37.476688],[-122.253613,37.476695],[-122.253737,37.476792],[-122.25374,37.476795],[-122.253746,37.476799],[-122.25396,37.4767],[-122.25414,37.476617],[-122.254319,37.476534],[-122.254499,37.47645],[-122.254677,37.476368],[-122.254682,37.476366],[-122.254682,37.476365],[-122.254604,37.476229],[-122.254604,37.476229],[-122.254752,37.476174],[-122.254897,37.476121],[-122.254906,37.476118],[-122.254915,37.476115],[-122.254965,37.476209],[-122.255123,37.476493],[-122.255188,37.476604],[-122.255188,37.476604],[-122.255184,37.476606],[-122.255166,37.476612],[-122.255147,37.476619],[-122.255128,37.476626],[-122.255107,37.476635],[-122.255086,37.476644],[-122.255065,37.476654],[-122.255045,37.476664],[-122.255025,37.476674],[-122.255005,37.476684],[-122.254985,37.476695],[-122.254966,37.476707],[-122.254949,37.476694],[-122.254659,37.476825],[-122.254658,37.476824],[-122.254654,37.476821],[-122.25465,37.47682],[-122.254646,37.476818],[-122.254642,37.476817],[-122.254637,37.476817],[-122.254633,37.476817],[-122.254628,37.476817],[-122.254624,37.476818],[-122.25462,37.476819],[-122.254616,37.476821],[-122.254596,37.476832],[-122.254576,37.476843],[-122.254557,37.476854],[-122.254351,37.476978],[-122.254188,37.477077],[-122.254173,37.477086],[-122.254158,37.477096],[-122.254144,37.477106],[-122.254144,37.477106],[-122.254166,37.477123],[-122.254474,37.477367],[-122.254706,37.47755]],[[-122.250091,37.472028],[-122.249955,37.471919],[-122.249821,37.471812],[-122.249687,37.471705],[-122.249553,37.471598],[-122.249419,37.471491],[-122.249285,37.471384],[-122.249151,37.471277],[-122.249017,37.47117],[-122.248883,37.471063],[-122.24875,37.470956],[-122.248617,37.47085],[-122.248437,37.470707],[-122.248217,37.470531],[-122.248087,37.470427],[-122.247948,37.470316],[-122.247818,37.470212],[-122.247682,37.470104],[-122.247554,37.470002],[-122.24741,37.470132],[-122.247393,37.470145],[-122.247242,37.470265],[-122.247191,37.470306],[-122.247109,37.47037],[-122.246986,37.470272],[-122.246872,37.470362],[-122.246719,37.470481],[-122.246603,37.470388],[-122.246478,37.470486],[-122.246333,37.4706],[-122.246207,37.4707],[-122.246268,37.470749],[-122.246388,37.470845],[-122.246451,37.470896],[-122.246511,37.470944],[-122.246572,37.470993],[-122.246632,37.47104],[-122.246694,37.47109],[-122.246813,37.471186],[-122.246875,37.471236],[-122.246936,37.471285],[-122.247058,37.471383],[-122.247179,37.47148],[-122.247301,37.471578],[-122.247419,37.471672],[-122.247536,37.471771],[-122.247658,37.471869],[-122.247719,37.471918],[-122.247778,37.471966],[-122.247839,37.472014],[-122.2479,37.472063],[-122.24796,37.472112],[-122.248021,37.472161],[-122.248142,37.472257],[-122.248262,37.472354],[-122.248265,37.472356],[-122.248323,37.472403],[-122.248386,37.472453],[-122.248443,37.472499],[-122.248506,37.472549],[-122.248567,37.472599],[-122.248628,37.472647],[-122.248685,37.472693],[-122.24875,37.472745],[-122.248872,37.472843],[-122.24893,37.47289],[-122.248993,37.472941],[-122.249055,37.47299],[-122.249115,37.473039],[-122.24915,37.473066],[-122.249234,37.473134],[-122.249354,37.473232],[-122.249505,37.473113],[-122.249625,37.473018],[-122.249748,37.472921],[-122.249871,37.472824],[-122.249993,37.472727],[-122.250117,37.472629],[-122.250127,37.472621],[-122.250145,37.472607],[-122.250259,37.472516],[-122.250475,37.472338],[-122.250403,37.472279],[-122.250301,37.472196],[-122.250301,37.472196],[-122.250298,37.472195],[-122.250293,37.472192],[-122.250289,37.472189],[-122.250285,37.472185],[-122.250281,37.472181],[-122.250278,37.472177],[-122.250091,37.472028]]]}}]}