{"type":"FeatureCollection","features":[{"type":"Feature","properties":{"NB_Area":"FARMHILL"},"geometry":{"type":"Polygon","coordinates":[[[-122.279569,37.470405],[-122.278647,37.469263],[-122.27628,37.470629],[-122.276047,37.470303],[-122.276074,37.470289],[-122.275914,37.470033],[-122.275805,37.469858],[-122.275643,37.469678],[-122.275688,37.469615],[-122.275464,37.469619],[-122.27537,37.469515],[-122.275319,37.469373],[-122.275366,37.469243],[-122.275248,37.469192],[-122.275255,37.469138],[-122.275269,37.469028],[-122.275156,37.46891],[-122.275312,37.468818],[-122.27527,37.468678],[-122.275234,37.468556],[-122.27511,37.468432],[-122.275056,37.468149],[-122.275041,37.468073],[-122.275138,37.467718],[-122.2749,37.467444],[-122.274879,37.46742],[-122.274816,37.467381],[-122.274548,37.467205],[-122.274332,37.467148],[-122.274073,37.467012],[-122.273839,37.466889],[-122.273491,37.466802],[-122.273209,37.466636],[-122.273125,37.466587],[-122.272977,37.466543],[-122.272742,37.466473],[-122.272797,37.466394],[-122.272843,37.466336],[-122.272803,37.466318],[-122.27276,37.466305],[-122.272716,37.466295],[-122.272435,37.466248],[-122.272375,37.466236],[-122.272058,37.466159],[-122.272674,37.465664],[-122.272831,37.465537],[-122.273013,37.465391],[-122.273146,37.465283],[-122.273401,37.465078],[-122.273522,37.464981],[-122.273643,37.464883],[-122.273765,37.464786],[-122.274049,37.464557],[-122.274174,37.464457],[-122.274965,37.46382],[-122.274916,37.463793],[-122.274912,37.463751],[-122.274963,37.463723],[-122.274971,37.463718],[-122.274978,37.463712],[-122.274987,37.463705],[-122.274996,37.463696],[-122.275004,37.463689],[-122.275011,37.46368],[-122.275019,37.463669],[-122.275159,37.463419],[-122.275193,37.463362],[-122.275223,37.463244],[-122.275223,37.463233],[-122.275225,37.463221],[-122.275226,37.46321],[-122.275228,37.4632],[-122.275229,37.463192],[-122.275231,37.463183],[-122.275235,37.463173],[-122.275238,37.463162],[-122.275243,37.463152],[-122.275245,37.463144],[-122.275249,37.463136],[-122.275254,37.463126],[-122.27526,37.463116],[-122.275265,37.463108],[-122.275269,37.463101],[-122.275276,37.463091],[-122.275283,37.463082],[-122.27529,37.463073],[-122.275298,37.463064],[-122.275307,37.463055],[-122.275315,37.463046],[-122.275324,37.463038],[-122.275332,37.463032],[-122.275339,37.463026],[-122.275346,37.463021],[-122.275361,37.463012],[-122.275374,37.463005],[-122.275383,37.462999],[-122.275391,37.462994],[-122.275401,37.462986],[-122.275412,37.462976],[-122.275421,37.462968],[-122.275428,37.46296],[-122.275435,37.462952],[-122.275441,37.462944],[-122.275447,37.462935],[-122.275454,37.462924],[-122.275458,37.462916],[-122.275463,37.462905],[-122.275468,37.462893],[-122.275472,37.46288],[-122.275475,37.462871],[-122.275476,37.462862],[-122.275502,37.462711],[-122.275551,37.462443],[-122.275555,37.462419],[-122.27556,37.462392],[-122.275562,37.462383],[-122.275567,37.462371],[-122.275576,37.462354],[-122.275579,37.462345],[-122.275584,37.462336],[-122.275587,37.462327],[-122.275591,37.462318],[-122.275594,37.462309],[-122.275597,37.4623],[-122.2756,37.462291],[-122.275602,37.462283],[-122.275605,37.462273],[-122.275607,37.462264],[-122.27561,37.462255],[-122.275611,37.462246],[-122.275613,37.462237],[-122.275614,37.462227],[-122.275616,37.462218],[-122.275618,37.462206],[-122.275621,37.462194],[-122.275623,37.462184],[-122.275624,37.462176],[-122.275623,37.462168],[-122.275623,37.46216],[-122.275622,37.462152],[-122.27562,37.462141],[-122.275619,37.462133],[-122.275611,37.462029],[-122.275596,37.461659],[-122.275573,37.461203],[-122.27556,37.460938],[-122.275555,37.460871],[-122.275554,37.460863],[-122.275554,37.460855],[-122.275552,37.460844],[-122.27555,37.460834],[-122.275547,37.460823],[-122.275545,37.460815],[-122.275543,37.460807],[-122.275539,37.460797],[-122.275534,37.460787],[-122.275531,37.460777],[-122.275525,37.460767],[-122.27552,37.460757],[-122.275514,37.460747],[-122.275507,37.460738],[-122.275503,37.460731],[-122.275498,37.460724],[-122.275491,37.460715],[-122.275482,37.460706],[-122.275475,37.460698],[-122.275466,37.460689],[-122.275457,37.460681],[-122.27545,37.460675],[-122.275443,37.46067],[-122.275433,37.460662],[-122.275425,37.460657],[-122.275418,37.460651],[-122.275406,37.460644],[-122.275397,37.460638],[-122.275386,37.460632],[-122.275378,37.460627],[-122.275369,37.460623],[-122.275361,37.460619],[-122.275351,37.460615],[-122.275339,37.46061],[-122.275364,37.460557],[-122.275626,37.460057],[-122.275307,37.45995],[-122.275197,37.459914],[-122.27499,37.459845],[-122.274767,37.459771],[-122.274298,37.459615],[-122.274215,37.459567],[-122.274439,37.459405],[-122.274578,37.459312],[-122.274587,37.459307],[-122.274599,37.459299],[-122.274614,37.45929],[-122.274626,37.459283],[-122.274634,37.459278],[-122.274646,37.459272],[-122.274658,37.459266],[-122.274667,37.459262],[-122.274868,37.459167],[-122.274902,37.459152],[-122.274936,37.459138],[-122.274957,37.459129],[-122.274979,37.45912],[-122.275346,37.458961],[-122.275318,37.458915],[-122.275136,37.458641],[-122.275099,37.458661],[-122.27481,37.458284],[-122.274585,37.458122],[-122.274577,37.458111],[-122.274549,37.458083],[-122.274516,37.458059],[-122.274478,37.45804],[-122.274437,37.458026],[-122.274394,37.458017],[-122.274349,37.458014],[-122.274304,37.458017],[-122.274261,37.458026],[-122.27422,37.45804],[-122.274182,37.458059],[-122.274149,37.458083],[-122.274132,37.458096],[-122.274095,37.45812],[-122.274053,37.45814],[-122.274009,37.458155],[-122.273962,37.458164],[-122.273914,37.458169],[-122.273864,37.458168],[-122.273813,37.458161],[-122.273765,37.458148],[-122.27372,37.45813],[-122.273678,37.458107],[-122.273541,37.458017],[-122.273406,37.457928],[-122.273368,37.457906],[-122.273328,37.457889],[-122.273285,37.457876],[-122.27294,37.457787],[-122.272924,37.457784],[-122.272872,37.457773],[-122.272819,37.457765],[-122.272578,37.457736],[-122.272538,37.45773],[-122.272454,37.457714],[-122.272372,37.457694],[-122.272303,37.457672],[-122.272236,37.457646],[-122.272215,37.457638],[-122.272163,37.457613],[-122.272113,37.457585],[-122.272065,37.457555],[-122.272001,37.457508],[-122.271943,37.457457],[-122.271936,37.457449],[-122.271859,37.457374],[-122.271842,37.457359],[-122.271821,37.457347],[-122.271798,37.457338],[-122.271773,37.457332],[-122.271753,37.45733],[-122.271732,37.45733],[-122.271712,37.457332],[-122.271692,37.457337],[-122.271432,37.457414],[-122.271398,37.457422],[-122.271363,37.457427],[-122.271314,37.457429],[-122.271264,37.457425],[-122.271216,37.457415],[-122.27117,37.457398],[-122.270923,37.457913],[-122.270855,37.457896],[-122.270839,37.457892],[-122.270683,37.457852],[-122.270526,37.457812],[-122.270369,37.457773],[-122.270212,37.457733],[-122.270055,37.457693],[-122.269898,37.457654],[-122.269646,37.45809],[-122.269605,37.458072],[-122.269568,37.458051],[-122.269533,37.458027],[-122.269344,37.457906],[-122.269285,37.45787],[-122.269222,37.457837],[-122.268589,37.457528],[-122.268576,37.457521],[-122.268565,37.457512],[-122.268555,37.457502],[-122.268548,37.45749],[-122.268543,37.457478],[-122.268541,37.457466],[-122.268541,37.457453],[-122.268544,37.45744],[-122.268549,37.457428],[-122.268556,37.457417],[-122.268809,37.457076],[-122.268816,37.457066],[-122.268662,37.457008],[-122.268384,37.456898],[-122.26831,37.456997],[-122.268021,37.456882],[-122.267888,37.456792],[-122.267872,37.456786],[-122.267625,37.457095],[-122.267614,37.457106],[-122.267602,37.457116],[-122.267587,37.457124],[-122.267571,37.45713],[-122.267554,37.457134],[-122.267536,37.457136],[-122.267519,37.457135],[-122.267501,37.457132],[-122.267485,37.457127],[-122.267469,37.45712],[-122.267329,37.457042],[-122.267097,37.456914],[-122.267093,37.456918],[-122.266782,37.456746],[-122.266759,37.456731],[-122.26674,37.456714],[-122.266725,37.456694],[-122.266714,37.456672],[-122.266708,37.45665],[-122.266707,37.456627],[-122.266711,37.456604],[-122.266747,37.45644],[-122.266769,37.45634],[-122.266774,37.456308],[-122.266773,37.456276],[-122.266767,37.456234],[-122.266753,37.456194],[-122.266731,37.456155],[-122.266702,37.45612],[-122.266683,37.456105],[-122.266662,37.45609],[-122.26662,37.456067],[-122.266575,37.45605],[-122.266444,37.456009],[-122.266236,37.455944],[-122.266044,37.455884],[-122.266231,37.455601],[-122.266051,37.45552],[-122.265902,37.455451],[-122.265752,37.455383],[-122.265304,37.455178],[-122.265154,37.45511],[-122.265005,37.455042],[-122.264706,37.454906],[-122.264556,37.454837],[-122.264257,37.454701],[-122.264108,37.454633],[-122.263943,37.454558],[-122.263734,37.454462],[-122.263525,37.454367],[-122.263448,37.454523],[-122.263421,37.454504],[-122.263362,37.454464],[-122.263311,37.454432],[-122.263256,37.454405],[-122.263345,37.454285],[-122.263071,37.45416],[-122.26304,37.454146],[-122.262985,37.454335],[-122.262926,37.454324],[-122.262877,37.454318],[-122.262829,37.454315],[-122.26278,37.454317],[-122.262732,37.454322],[-122.262681,37.454332],[-122.262633,37.454347],[-122.262587,37.454366],[-122.262544,37.454388],[-122.262498,37.454419],[-122.262458,37.454454],[-122.262424,37.454493],[-122.262397,37.454533],[-122.262376,37.454576],[-122.262362,37.45462],[-122.261882,37.45457],[-122.261716,37.454702],[-122.261618,37.454778],[-122.261343,37.45499],[-122.260838,37.455389],[-122.260783,37.455432],[-122.260215,37.45587],[-122.260091,37.455966],[-122.259222,37.456638],[-122.258931,37.456872],[-122.258927,37.456875],[-122.258945,37.456903],[-122.258966,37.456928],[-122.25899,37.45695],[-122.259018,37.45697],[-122.259049,37.456986],[-122.259083,37.456998],[-122.259085,37.457],[-122.259148,37.45701],[-122.259087,37.457032],[-122.259157,37.457046],[-122.259224,37.457066],[-122.25929,37.457091],[-122.259351,37.457121],[-122.259409,37.457156],[-122.259462,37.457195],[-122.259509,37.457238],[-122.259551,37.457285],[-122.259591,37.45733],[-122.259635,37.457372],[-122.259663,37.457395],[-122.259584,37.457462],[-122.259563,37.457481],[-122.259353,37.457666],[-122.259325,37.457645],[-122.259112,37.457845],[-122.25906,37.458004],[-122.259004,37.458529],[-122.258917,37.458582],[-122.258545,37.458805],[-122.258479,37.458845],[-122.258924,37.459656],[-122.258795,37.459639],[-122.258794,37.459782],[-122.258731,37.460316],[-122.258868,37.460301],[-122.258913,37.460297],[-122.259028,37.460365],[-122.259072,37.460391],[-122.259144,37.460434],[-122.25926,37.460503],[-122.259404,37.460589],[-122.259503,37.460648],[-122.259514,37.460654],[-122.259591,37.4607],[-122.259718,37.460787],[-122.259783,37.460832],[-122.259906,37.460916],[-122.259953,37.460948],[-122.260038,37.46103],[-122.26009,37.46108],[-122.260156,37.461144],[-122.260209,37.461195],[-122.260266,37.46125],[-122.26031,37.461292],[-122.260376,37.461347],[-122.260404,37.461371],[-122.260499,37.46145],[-122.260941,37.461196],[-122.260997,37.461261],[-122.261073,37.461314],[-122.261057,37.461321],[-122.261177,37.461405],[-122.261184,37.461412],[-122.261191,37.461419],[-122.261195,37.461427],[-122.261199,37.461435],[-122.2612,37.461444],[-122.261199,37.461453],[-122.261197,37.461462],[-122.261193,37.46147],[-122.261189,37.461476],[-122.261354,37.461591],[-122.261361,37.46159],[-122.261368,37.461589],[-122.261375,37.46159],[-122.261382,37.461591],[-122.261389,37.461593],[-122.261395,37.461597],[-122.261582,37.461532],[-122.261585,37.461526],[-122.26159,37.461521],[-122.261596,37.461516],[-122.261603,37.461512],[-122.26161,37.46151],[-122.261992,37.461393],[-122.261994,37.461407],[-122.262013,37.461557],[-122.262024,37.461649],[-122.262246,37.461547],[-122.262395,37.461478],[-122.26253,37.461417],[-122.262595,37.461372],[-122.262686,37.461309],[-122.262791,37.461238],[-122.26294,37.461433],[-122.263025,37.461557],[-122.262679,37.461742],[-122.262877,37.461874],[-122.263069,37.462003],[-122.263064,37.462008],[-122.26297,37.462116],[-122.263071,37.462134],[-122.263205,37.462158],[-122.263165,37.46223],[-122.262957,37.462593],[-122.262968,37.462732],[-122.26288,37.462713],[-122.262816,37.462707],[-122.262753,37.462696],[-122.262691,37.462682],[-122.262631,37.462664],[-122.262583,37.462649],[-122.262533,37.462639],[-122.262482,37.462634],[-122.26243,37.462634],[-122.262379,37.46264],[-122.262329,37.462652],[-122.262282,37.462668],[-122.262237,37.462689],[-122.262191,37.462719],[-122.262151,37.462754],[-122.262132,37.462776],[-122.26202,37.462667],[-122.261853,37.462595],[-122.261701,37.46253],[-122.261606,37.462489],[-122.261479,37.46252],[-122.261462,37.46211],[-122.261037,37.462246],[-122.260978,37.462117],[-122.26092,37.461982],[-122.260896,37.461926],[-122.260609,37.462027],[-122.26053,37.462103],[-122.260502,37.46213],[-122.260479,37.462152],[-122.26049,37.462315],[-122.260493,37.46237],[-122.260498,37.462439],[-122.260506,37.462562],[-122.260516,37.462727],[-122.260519,37.462768],[-122.260527,37.462905],[-122.260487,37.463044],[-122.260123,37.462944],[-122.259993,37.462851],[-122.259985,37.462862],[-122.259848,37.463011],[-122.259813,37.463053],[-122.259784,37.463098],[-122.259759,37.463144],[-122.259741,37.463188],[-122.259728,37.463234],[-122.2597,37.463357],[-122.259697,37.463365],[-122.259693,37.463373],[-122.259687,37.463379],[-122.259679,37.463385],[-122.259671,37.46339],[-122.259661,37.463394],[-122.259651,37.463396],[-122.259641,37.463397],[-122.25963,37.463396],[-122.25962,37.463394],[-122.259569,37.463379],[-122.259526,37.46337],[-122.259497,37.463368],[-122.259471,37.463508],[-122.259464,37.463507],[-122.259443,37.463508],[-122.259424,37.463511],[-122.259405,37.463517],[-122.259387,37.463525],[-122.259372,37.463535],[-122.259297,37.463602],[-122.259454,37.46371],[-122.259247,37.463918],[-122.25918,37.463881],[-122.259107,37.46385],[-122.25902,37.463815],[-122.258936,37.463776],[-122.258855,37.463732],[-122.258737,37.463812],[-122.258544,37.464196],[-122.258326,37.464143],[-122.258158,37.464102],[-122.258152,37.4641],[-122.258,37.464063],[-122.258337,37.46386],[-122.258239,37.463747],[-122.257816,37.463329],[-122.257716,37.463324],[-122.257683,37.463326],[-122.2577,37.463127],[-122.257725,37.462833],[-122.257731,37.462755],[-122.257735,37.462707],[-122.257593,37.462652],[-122.257419,37.462584],[-122.257364,37.462563],[-122.257244,37.462516],[-122.257052,37.462442],[-122.25696,37.462406],[-122.256845,37.462361],[-122.256572,37.462445],[-122.256483,37.462473],[-122.256391,37.462501],[-122.255983,37.462625],[-122.255825,37.462673],[-122.25561,37.462693],[-122.255598,37.463202],[-122.255779,37.463393],[-122.25594,37.46365],[-122.255956,37.46368],[-122.255964,37.463713],[-122.255966,37.463746],[-122.255961,37.463778],[-122.255949,37.46381],[-122.255931,37.463839],[-122.255907,37.463866],[-122.255878,37.463889],[-122.255844,37.463908],[-122.255818,37.463918],[-122.255951,37.464122],[-122.256042,37.464213],[-122.256127,37.464233],[-122.256343,37.464286],[-122.256354,37.464289],[-122.256543,37.464334],[-122.256639,37.464323],[-122.256792,37.464306],[-122.256767,37.464349],[-122.256701,37.464464],[-122.25662,37.464604],[-122.25654,37.464744],[-122.25689,37.464966],[-122.256946,37.465004],[-122.256809,37.465152],[-122.256784,37.465178],[-122.256841,37.465239],[-122.257059,37.465486],[-122.256896,37.46566],[-122.256927,37.465703],[-122.25694,37.465699],[-122.257105,37.465659],[-122.25727,37.465618],[-122.257424,37.46558],[-122.257465,37.46561],[-122.257832,37.465478],[-122.257826,37.465582],[-122.257909,37.465582],[-122.257966,37.465664],[-122.258059,37.465799],[-122.258213,37.46602],[-122.258249,37.466138],[-122.258276,37.466228],[-122.258334,37.46642],[-122.258353,37.466484],[-122.258478,37.466385],[-122.258646,37.466439],[-122.25863,37.466453],[-122.258618,37.466469],[-122.258609,37.466486],[-122.258605,37.466505],[-122.258604,37.466524],[-122.258607,37.466542],[-122.258614,37.46656],[-122.258625,37.466577],[-122.258639,37.466592],[-122.258656,37.466605],[-122.258676,37.466615],[-122.258698,37.466622],[-122.25872,37.466627],[-122.258654,37.466725],[-122.258523,37.466916],[-122.258504,37.466943],[-122.258384,37.46712],[-122.258264,37.467296],[-122.258054,37.467603],[-122.258,37.467683],[-122.257866,37.467798],[-122.257853,37.467807],[-122.257838,37.467815],[-122.257822,37.467821],[-122.257841,37.46783],[-122.257566,37.467858],[-122.257529,37.467861],[-122.257494,37.467868],[-122.257459,37.467879],[-122.257404,37.467903],[-122.257352,37.467931],[-122.257304,37.467963],[-122.25726,37.468],[-122.257222,37.468039],[-122.257189,37.468082],[-122.257164,37.468114],[-122.257134,37.468145],[-122.257099,37.468173],[-122.257058,37.468196],[-122.257014,37.468214],[-122.256796,37.468342],[-122.256814,37.468433],[-122.25684,37.468491],[-122.256849,37.468558],[-122.256661,37.46872],[-122.256329,37.468844],[-122.25618,37.468901],[-122.256182,37.468902],[-122.256185,37.468905],[-122.256187,37.468908],[-122.256191,37.468911],[-122.256193,37.468914],[-122.256194,37.468917],[-122.256196,37.468921],[-122.256198,37.468924],[-122.256198,37.468927],[-122.2562,37.468931],[-122.2562,37.468935],[-122.256202,37.468938],[-122.256202,37.468942],[-122.256202,37.468945],[-122.256205,37.469155],[-122.25621,37.469509],[-122.256215,37.469946],[-122.256203,37.469948],[-122.256191,37.46995],[-122.256179,37.469952],[-122.256167,37.469954],[-122.256155,37.469957],[-122.256143,37.469959],[-122.256131,37.469962],[-122.256116,37.469967],[-122.255903,37.469999],[-122.255724,37.470028],[-122.255626,37.470043],[-122.25559,37.470049],[-122.255554,37.470055],[-122.25552,37.470059],[-122.255487,37.470063],[-122.255453,37.470066],[-122.25542,37.470068],[-122.255386,37.470071],[-122.255351,37.470072],[-122.255319,37.470073],[-122.255284,37.470074],[-122.25525,37.470074],[-122.255217,37.470074],[-122.255153,37.470073],[-122.25494,37.470074],[-122.254249,37.47008],[-122.25368,37.470086],[-122.253124,37.470089],[-122.253115,37.470089],[-122.253106,37.470089],[-122.253096,37.470089],[-122.253087,37.470089],[-122.253079,37.470089],[-122.25307,37.470088],[-122.253062,37.470088],[-122.253051,37.470087],[-122.253043,37.470086],[-122.253034,37.470086],[-122.253025,37.470084],[-122.253017,37.470083],[-122.253008,37.470082],[-122.252999,37.470081],[-122.252991,37.470079],[-122.252982,37.470077],[-122.252973,37.470076],[-122.252965,37.470074],[-122.252949,37.470071],[-122.252601,37.470354],[-122.252186,37.47068],[-122.252114,37.470739],[-122.252017,37.470829],[-122.251926,37.470913],[-122.251792,37.471057],[-122.251782,37.47107],[-122.251775,37.471076],[-122.25177,37.471083],[-122.251763,37.471089],[-122.251758,37.471096],[-122.251752,37.471102],[-122.251745,37.471108],[-122.251738,37.471114],[-122.251731,37.47112],[-122.251725,37.471126],[-122.251718,37.471132],[-122.251711,37.471138],[-122.251703,37.471143],[-122.251696,37.471149],[-122.251689,37.471154],[-122.251681,37.47116],[-122.251674,37.471165],[-122.251665,37.47117],[-122.251657,37.471175],[-122.25165,37.47118],[-122.251487,37.471282],[-122.251149,37.471492],[-122.250996,37.471588],[-122.250804,37.471709],[-122.250685,37.471784],[-122.250669,37.471799],[-122.25066,37.471807],[-122.250652,37.471815],[-122.250643,37.471823],[-122.250635,37.471832],[-122.250626,37.47184],[-122.25062,37.471849],[-122.250611,37.471858],[-122.250605,37.471866],[-122.250596,37.471876],[-122.25059,37.471885],[-122.250583,37.471894],[-122.250576,37.471903],[-122.25057,37.471912],[-122.250563,37.471922],[-122.250558,37.471931],[-122.250551,37.471941],[-122.250546,37.471951],[-122.25054,37.47196],[-122.250535,37.471971],[-122.25053,37.47198],[-122.250525,37.47199],[-122.250522,37.472],[-122.250517,37.47201],[-122.250512,37.472021],[-122.250509,37.472031],[-122.250505,37.472041],[-122.250502,37.472051],[-122.250499,37.472062],[-122.250496,37.472072],[-122.250493,37.472083],[-122.250489,37.472093],[-122.250488,37.472104],[-122.250486,37.472114],[-122.250483,37.472125],[-122.250482,37.472135],[-122.25048,37.472146],[-122.250474,37.472165],[-122.250469,37.472176],[-122.250464,37.472187],[-122.250459,37.472198],[-122.250454,37.472209],[-122.250449,37.47222],[-122.250443,37.472231],[-122.250436,37.472242],[-122.250431,37.472253],[-122.250424,37.472263],[-122.250418,37.472274],[-122.250405,37.472285],[-122.250328,37.472348],[-122.24991,37.472012],[-122.249543,37.47172],[-122.249425,37.471625],[-122.248797,37.471122],[-122.248663,37.471015],[-122.248516,37.470897],[-122.248351,37.470765],[-122.248131,37.470589],[-122.247469,37.470074],[-122.247465,37.470071],[-122.247236,37.469887],[-122.247147,37.469788],[-122.24693,37.469412],[-122.246684,37.468978],[-122.246655,37.468928],[-122.246601,37.468832],[-122.246551,37.468742],[-122.24643,37.468526],[-122.24634,37.468367],[-122.246256,37.468212],[-122.246126,37.467968],[-122.24608,37.467847],[-122.246048,37.46774],[-122.245802,37.466875],[-122.245755,37.466713],[-122.245688,37.466484],[-122.245596,37.466163],[-122.24559,37.466143],[-122.245587,37.466131],[-122.245583,37.466118],[-122.245579,37.466106],[-122.245576,37.466093],[-122.245573,37.466081],[-122.245571,37.466068],[-122.245568,37.466055],[-122.245566,37.466043],[-122.245565,37.46603],[-122.245563,37.466017],[-122.245561,37.466005],[-122.245561,37.465992],[-122.245561,37.465979],[-122.24556,37.465966],[-122.24556,37.465954],[-122.24556,37.465941],[-122.245561,37.465928],[-122.245561,37.465915],[-122.245562,37.465902],[-122.245564,37.46589],[-122.245565,37.465877],[-122.245567,37.465864],[-122.24557,37.465852],[-122.245571,37.465839],[-122.245574,37.465826],[-122.245578,37.465814],[-122.245581,37.465802],[-122.245584,37.465789],[-122.245589,37.465776],[-122.245592,37.465764],[-122.245597,37.465752],[-122.245602,37.465739],[-122.245607,37.465727],[-122.245611,37.465715],[-122.245616,37.465703],[-122.245621,37.465691],[-122.245628,37.465679],[-122.245634,37.465668],[-122.245641,37.465656],[-122.245648,37.465644],[-122.245654,37.465633],[-122.245661,37.465621],[-122.245669,37.46561],[-122.245676,37.465599],[-122.245684,37.465588],[-122.245698,37.46557],[-122.245716,37.465549],[-122.245733,37.465528],[-122.24576,37.465494],[-122.245775,37.465473],[-122.245791,37.465451],[-122.245805,37.46543],[-122.24582,37.465408],[-122.245833,37.465386],[-122.245846,37.465364],[-122.245859,37.465341],[-122.245873,37.465319],[-122.245884,37.465296],[-122.245896,37.465274],[-122.245907,37.46525],[-122.245917,37.465227],[-122.245927,37.465204],[-122.245938,37.465175],[-122.245948,37.465151],[-122.245956,37.465127],[-122.245964,37.465104],[-122.24597,37.46508],[-122.245977,37.465056],[-122.245983,37.465032],[-122.245991,37.464997],[-122.245993,37.464992],[-122.245994,37.464985],[-122.246002,37.464941],[-122.246014,37.464863],[-122.246015,37.464842],[-122.246018,37.464822],[-122.246022,37.464778],[-122.246024,37.464733],[-122.246028,37.464659],[-122.246029,37.464614],[-122.246029,37.46457],[-122.246026,37.464488],[-122.246023,37.464443],[-122.246018,37.464399],[-122.246014,37.464355],[-122.246008,37.46431],[-122.245998,37.46425],[-122.245995,37.464234],[-122.245965,37.464095],[-122.245953,37.464048],[-122.245942,37.464007],[-122.245929,37.463965],[-122.245918,37.463924],[-122.245903,37.463883],[-122.245888,37.463843],[-122.245857,37.463763],[-122.245839,37.463723],[-122.245821,37.463683],[-122.245802,37.463644],[-122.245772,37.463586],[-122.24575,37.463547],[-122.245729,37.463508],[-122.245705,37.46347],[-122.245675,37.46342],[-122.245648,37.463381],[-122.245621,37.463342],[-122.245593,37.463303],[-122.245564,37.463265],[-122.245536,37.463228],[-122.245506,37.46319],[-122.245449,37.463124],[-122.245423,37.463094],[-122.245398,37.463064],[-122.24535,37.463013],[-122.245322,37.462984],[-122.245294,37.462955],[-122.245265,37.462927],[-122.245235,37.462899],[-122.245198,37.462867],[-122.245169,37.46284],[-122.245135,37.462813],[-122.245104,37.462787],[-122.24507,37.462762],[-122.245037,37.462735],[-122.245002,37.462711],[-122.244939,37.462667],[-122.244906,37.462645],[-122.244871,37.462623],[-122.244792,37.462573],[-122.244736,37.462539],[-122.24468,37.462507],[-122.244624,37.462476],[-122.244567,37.462445],[-122.244509,37.462415],[-122.24445,37.462386],[-122.244363,37.462343],[-122.244343,37.462333],[-122.244228,37.462273],[-122.24415,37.462229],[-122.244108,37.462205],[-122.244066,37.46218],[-122.243975,37.462124],[-122.243926,37.462092],[-122.243877,37.462058],[-122.24383,37.462024],[-122.243782,37.46199],[-122.243731,37.461951],[-122.243686,37.461916],[-122.243659,37.461895],[-122.243635,37.461874],[-122.24358,37.461825],[-122.243552,37.461798],[-122.243524,37.46177],[-122.243411,37.46167],[-122.243822,37.461413],[-122.244198,37.461182],[-122.244313,37.461111],[-122.244345,37.461094],[-122.244378,37.461078],[-122.244408,37.461063],[-122.244441,37.461048],[-122.244473,37.461033],[-122.244506,37.461019],[-122.244538,37.461006],[-122.244572,37.460993],[-122.244588,37.460987],[-122.244603,37.46098],[-122.244639,37.460968],[-122.244642,37.460966],[-122.244678,37.460954],[-122.244712,37.460943],[-122.244748,37.460932],[-122.244784,37.460921],[-122.24482,37.460911],[-122.244856,37.460902],[-122.244892,37.460893],[-122.244928,37.460885],[-122.244966,37.460877],[-122.245002,37.460869],[-122.24504,37.460862],[-122.245077,37.460856],[-122.245113,37.46085],[-122.245287,37.460834],[-122.245321,37.460828],[-122.245356,37.460822],[-122.245392,37.460814],[-122.245426,37.460806],[-122.24546,37.460798],[-122.245494,37.46079],[-122.245527,37.460781],[-122.245561,37.460771],[-122.245595,37.460761],[-122.245628,37.460751],[-122.245676,37.460734],[-122.245717,37.46072],[-122.245756,37.460706],[-122.245795,37.46069],[-122.245835,37.460675],[-122.245872,37.460658],[-122.245911,37.460642],[-122.245949,37.460624],[-122.245986,37.460606],[-122.246024,37.460588],[-122.246061,37.460569],[-122.246097,37.46055],[-122.246133,37.46053],[-122.246168,37.460509],[-122.246202,37.460488],[-122.246238,37.460467],[-122.246304,37.460424],[-122.246213,37.460341],[-122.246098,37.460238],[-122.24597,37.460121],[-122.245963,37.460115],[-122.245834,37.459998],[-122.245708,37.459882],[-122.245577,37.459764],[-122.245451,37.459649],[-122.24532,37.459531],[-122.24519,37.459413],[-122.245061,37.459295],[-122.244931,37.459177],[-122.244801,37.459058],[-122.244671,37.45894],[-122.244537,37.458818],[-122.244396,37.458691],[-122.244276,37.458581],[-122.244148,37.458464],[-122.243891,37.458231],[-122.243778,37.458129],[-122.243536,37.457909],[-122.243601,37.45785],[-122.243656,37.457801],[-122.243749,37.457772],[-122.243839,37.457744],[-122.243868,37.457734],[-122.243838,37.457684],[-122.243984,37.457631],[-122.244039,37.457611],[-122.244068,37.457661],[-122.244172,37.457623],[-122.244259,37.457591],[-122.244212,37.457491],[-122.244279,37.457445],[-122.244491,37.457381],[-122.244515,37.457401],[-122.244573,37.457355],[-122.244723,37.457237],[-122.244725,37.457235],[-122.244871,37.457118],[-122.244913,37.457085],[-122.245018,37.457002],[-122.245164,37.456886],[-122.245311,37.456769],[-122.245457,37.456653],[-122.24553,37.456595],[-122.245677,37.456479],[-122.245833,37.456355],[-122.246376,37.455923],[-122.246935,37.455479],[-122.250254,37.452826],[-122.250415,37.452698],[-122.250854,37.452349],[-122.251098,37.452155],[-122.251204,37.452071],[-122.251541,37.451803],[-122.251636,37.451728],[-122.251919,37.451503],[-122.252039,37.451408],[-122.252269,37.451226],[-122.252575,37.450984],[-122.252903,37.450724],[-122.253212,37.450479],[-122.253301,37.450409],[-122.253424,37.450311],[-122.253974,37.449875],[-122.254123,37.449757],[-122.254317,37.449603],[-122.254366,37.449564],[-122.254404,37.449534],[-122.254711,37.44929],[-122.255047,37.449023],[-122.255241,37.448869],[-122.255245,37.448866],[-122.25544,37.448711],[-122.255487,37.448674],[-122.255635,37.448556],[-122.25583,37.448401],[-122.255924,37.448326],[-122.256025,37.448245],[-122.256221,37.44809],[-122.256354,37.447985],[-122.256496,37.447871],[-122.256711,37.4477],[-122.256774,37.44765],[-122.256844,37.447595],[-122.257246,37.447275],[-122.257324,37.447213],[-122.25776,37.44738],[-122.258074,37.447501],[-122.258262,37.447573],[-122.258794,37.447778],[-122.259308,37.447484],[-122.259322,37.447476],[-122.259374,37.447449],[-122.259429,37.447425],[-122.259486,37.447405],[-122.259477,37.447387],[-122.259544,37.447368],[-122.259614,37.447355],[-122.259685,37.447346],[-122.259756,37.447343],[-122.259756,37.447362],[-122.259888,37.447361],[-122.259915,37.44736],[-122.259942,37.447356],[-122.259976,37.447347],[-122.260008,37.447335],[-122.260041,37.447316],[-122.260069,37.447293],[-122.260092,37.447267],[-122.26011,37.447239],[-122.260122,37.447208],[-122.260126,37.447176],[-122.260127,37.447164],[-122.260133,37.447602],[-122.260139,37.448295],[-122.260464,37.44842],[-122.261966,37.448996],[-122.262241,37.448534],[-122.26227,37.448492],[-122.262306,37.448453],[-122.262348,37.448418],[-122.262396,37.448388],[-122.262448,37.448363],[-122.262503,37.448344],[-122.262561,37.44833],[-122.262621,37.448323],[-122.262682,37.448322],[-122.263489,37.448407],[-122.263498,37.448406],[-122.263506,37.448407],[-122.263515,37.448408],[-122.263523,37.448411],[-122.26353,37.448415],[-122.263536,37.448419],[-122.263542,37.448425],[-122.263546,37.448431],[-122.263549,37.448437],[-122.263497,37.448953],[-122.263482,37.449005],[-122.26346,37.449056],[-122.263432,37.449105],[-122.263397,37.449151],[-122.263357,37.449194],[-122.263081,37.449424],[-122.266643,37.45079],[-122.266653,37.450796],[-122.26716,37.451091],[-122.267566,37.451328],[-122.268177,37.451685],[-122.268694,37.451986],[-122.268709,37.451995],[-122.269065,37.452203],[-122.268537,37.452647],[-122.268475,37.452699],[-122.268235,37.452978],[-122.267945,37.453053],[-122.267698,37.453047],[-122.267686,37.453046],[-122.267521,37.453019],[-122.26744,37.453005],[-122.267402,37.453054],[-122.267338,37.453139],[-122.267159,37.453373],[-122.267028,37.453888],[-122.267147,37.453967],[-122.266745,37.454104],[-122.266658,37.454309],[-122.266756,37.454475],[-122.266867,37.454664],[-122.266918,37.454869],[-122.267011,37.455246],[-122.267129,37.455346],[-122.267908,37.456008],[-122.268091,37.456164],[-122.2681,37.456356],[-122.268432,37.45635],[-122.268418,37.456147],[-122.268452,37.456145],[-122.268733,37.456129],[-122.268676,37.455877],[-122.268658,37.455813],[-122.268631,37.455751],[-122.268623,37.455735],[-122.268341,37.455221],[-122.268327,37.455196],[-122.268285,37.455134],[-122.268253,37.455097],[-122.268382,37.455004],[-122.268821,37.454786],[-122.268953,37.454721],[-122.268966,37.454728],[-122.268981,37.454734],[-122.268997,37.454738],[-122.269013,37.45474],[-122.269029,37.45474],[-122.269046,37.454737],[-122.269061,37.454733],[-122.269076,37.454727],[-122.269089,37.454719],[-122.2691,37.45471],[-122.269218,37.45468],[-122.269365,37.45489],[-122.269506,37.455091],[-122.26943,37.455108],[-122.269459,37.455266],[-122.26958,37.455435],[-122.269816,37.455568],[-122.270015,37.455495],[-122.270152,37.455413],[-122.270284,37.455645],[-122.270301,37.455669],[-122.270322,37.455692],[-122.270347,37.455711],[-122.270375,37.455728],[-122.270405,37.455741],[-122.270549,37.455793],[-122.270588,37.45581],[-122.270624,37.45583],[-122.270657,37.455854],[-122.270685,37.45588],[-122.27075,37.455843],[-122.27092,37.456021],[-122.271002,37.456112],[-122.271035,37.456148],[-122.271072,37.456182],[-122.271113,37.456212],[-122.271158,37.45624],[-122.271361,37.456357],[-122.271395,37.456374],[-122.271432,37.456387],[-122.271471,37.456395],[-122.271511,37.456399],[-122.271551,37.456397],[-122.27159,37.45639],[-122.271628,37.456379],[-122.271663,37.456363],[-122.271757,37.456311],[-122.271852,37.45626],[-122.271906,37.456234],[-122.271964,37.456214],[-122.272025,37.4562],[-122.272088,37.456193],[-122.272151,37.456192],[-122.272214,37.456197],[-122.272275,37.456209],[-122.272334,37.456227],[-122.27239,37.456251],[-122.272441,37.456281],[-122.272486,37.456314],[-122.272524,37.456352],[-122.272557,37.456393],[-122.272583,37.456437],[-122.272602,37.456483],[-122.272614,37.45653],[-122.272624,37.456568],[-122.272642,37.456604],[-122.272666,37.456637],[-122.272697,37.456666],[-122.272733,37.456692],[-122.272773,37.456712],[-122.272818,37.456728],[-122.272864,37.456737],[-122.272897,37.456733],[-122.272946,37.456732],[-122.272993,37.456725],[-122.273039,37.456711],[-122.273081,37.456692],[-122.273119,37.456668],[-122.273151,37.456639],[-122.273177,37.456606],[-122.273196,37.45657],[-122.273208,37.456533],[-122.273223,37.45648],[-122.273247,37.456429],[-122.273279,37.456382],[-122.273318,37.456337],[-122.273363,37.456297],[-122.273415,37.456262],[-122.273461,37.456238],[-122.273509,37.456217],[-122.27356,37.4562],[-122.273607,37.456189],[-122.273655,37.456181],[-122.273703,37.456177],[-122.273867,37.456168],[-122.273831,37.456308],[-122.274098,37.456294],[-122.274118,37.456294],[-122.274137,37.456297],[-122.274155,37.456302],[-122.274172,37.45631],[-122.274187,37.45632],[-122.274199,37.456332],[-122.274209,37.456346],[-122.274215,37.456361],[-122.274219,37.456376],[-122.274218,37.456392],[-122.274219,37.456549],[-122.274219,37.456687],[-122.274219,37.456714],[-122.274222,37.456755],[-122.274233,37.456796],[-122.274251,37.456834],[-122.274276,37.45687],[-122.274306,37.456904],[-122.274342,37.456933],[-122.274388,37.45696],[-122.274439,37.456982],[-122.274493,37.456997],[-122.274519,37.457001],[-122.274662,37.457022],[-122.274835,37.457047],[-122.274849,37.457049],[-122.274886,37.457058],[-122.274921,37.457071],[-122.274954,37.457088],[-122.275055,37.457146],[-122.275099,37.457168],[-122.275145,37.457186],[-122.275194,37.457199],[-122.275162,37.457259],[-122.275384,37.457465],[-122.275496,37.457569],[-122.275606,37.457671],[-122.275689,37.457773],[-122.275898,37.457632],[-122.275915,37.458304],[-122.276063,37.458301],[-122.276201,37.458298],[-122.27629,37.458308],[-122.27644,37.458324],[-122.276529,37.458334],[-122.276658,37.458348],[-122.276542,37.458976],[-122.276478,37.459189],[-122.276742,37.459444],[-122.276781,37.459482],[-122.276973,37.459666],[-122.277078,37.459768],[-122.277162,37.459848],[-122.277166,37.459852],[-122.277263,37.459908],[-122.277249,37.459934],[-122.277381,37.46002],[-122.27765,37.460088],[-122.277826,37.460081],[-122.277722,37.460282],[-122.277513,37.460685],[-122.278019,37.460853],[-122.278402,37.460981],[-122.279313,37.460261],[-122.279448,37.460348],[-122.279271,37.460495],[-122.277327,37.46198],[-122.27722,37.462064],[-122.276786,37.462404],[-122.27706,37.462613],[-122.279729,37.462734],[-122.280239,37.464052],[-122.28076,37.464136],[-122.2814,37.465079],[-122.282282,37.465146],[-122.282859,37.465218],[-122.282739,37.465797],[-122.283986,37.466021],[-122.284412,37.466222],[-122.284942,37.466193],[-122.285059,37.466313],[-122.285849,37.467125],[-122.287051,37.468362],[-122.290896,37.469369],[-122.290774,37.469437],[-122.290647,37.469499],[-122.290516,37.469554],[-122.290381,37.469604],[-122.290242,37.469646],[-122.290101,37.469682],[-122.289957,37.469711],[-122.289565,37.469794],[-122.289579,37.469834],[-122.288652,37.470031],[-122.288412,37.470082],[-122.288333,37.470028],[-122.287643,37.470302],[-122.287543,37.470326],[-122.287445,37.470357],[-122.28735,37.470394],[-122.28726,37.470437],[-122.287174,37.470485],[-122.287093,37.470539],[-122.287018,37.470597],[-122.286949,37.470661],[-122.286887,37.470728],[-122.286832,37.4708],[-122.286784,37.470874],[-122.286596,37.471298],[-122.286541,37.471388],[-122.286478,37.471476],[-122.28641,37.47156],[-122.286335,37.471641],[-122.286255,37.471718],[-122.286168,37.471791],[-122.285265,37.472517],[-122.285043,37.472618],[-122.284922,37.472832],[-122.284001,37.47367],[-122.283872,37.473768],[-122.283737,37.473862],[-122.283597,37.47395],[-122.283452,37.474033],[-122.283302,37.474111],[-122.283147,37.474182],[-122.282988,37.474247],[-122.282826,37.474307],[-122.28266,37.47436],[-122.282491,37.474406],[-122.282319,37.474446],[-122.282146,37.47448],[-122.28197,37.474507],[-122.281793,37.474527],[-122.281615,37.47454],[-122.281437,37.474547],[-122.281258,37.474546],[-122.28108,37.474539],[-122.280902,37.474525],[-122.280736,37.474506],[-122.280571,37.47448],[-122.280408,37.474449],[-122.280247,37.474412],[-122.280313,37.47433],[-122.280129,37.474229],[-122.27988,37.472868],[-122.280429,37.472654],[-122.279757,37.470909],[-122.279569,37.470405]]]}},{"type":"Feature","properties":{"NB_Area":"REDWOOD SHORES"},"geometry":{"type":"Polygon","coordinates":[[[-122.22876,37.541572],[-122.231467,37.536469],[-122.231936,37.535869],[-122.233155,37.534733],[-122.233625,37.534422],[-122.235699,37.533053],[-122.236721,37.532623],[-122.237528,37.532361],[-122.238407,37.532223],[-122.239072,37.53232],[-122.239444,37.532183],[-122.239854,37.53216],[-122.240913,37.531837],[-122.240948,37.531814],[-122.241191,37.531657],[-122.241824,37.531433],[-122.243266,37.530525],[-122.244661,37.529301],[-122.244998,37.528656],[-122.245256,37.528473],[-122.245472,37.527978],[-122.245708,37.527636],[-122.245992,37.527223],[-122.246541,37.526036],[-122.246805,37.52512],[-122.247462,37.522844],[-122.24744,37.522617],[-122.247592,37.522329],[-122.247768,37.522345],[-122.247986,37.522232],[-122.248113,37.522049],[-122.247754,37.521731],[-122.248249,37.519452],[-122.247915,37.519325],[-122.247932,37.519076],[-122.247985,37.518789],[-122.248017,37.51874],[-122.248077,37.518687],[-122.248129,37.518669],[-122.248596,37.518662],[-122.248595,37.518118],[-122.248779,37.518116],[-122.249141,37.518112],[-122.249317,37.518108],[-122.249493,37.518097],[-122.249668,37.51808],[-122.249842,37.518057],[-122.250014,37.518029],[-122.250185,37.517995],[-122.25036,37.517953],[-122.250532,37.517905],[-122.250702,37.517851],[-122.250868,37.517792],[-122.251031,37.517726],[-122.25119,37.517655],[-122.251346,37.517578],[-122.251496,37.517496],[-122.251642,37.517409],[-122.251783,37.517317],[-122.251919,37.51722],[-122.25205,37.517118],[-122.252622,37.51665],[-122.252997,37.516344],[-122.252923,37.516278],[-122.253127,37.516109],[-122.253215,37.516046],[-122.253905,37.515485],[-122.253975,37.515425],[-122.254039,37.515361],[-122.254098,37.515294],[-122.254151,37.515224],[-122.254199,37.515151],[-122.254241,37.515077],[-122.254276,37.515],[-122.255343,37.515961],[-122.256215,37.51673],[-122.256871,37.51731],[-122.257317,37.517704],[-122.258019,37.518323],[-122.258045,37.518346],[-122.258419,37.518676],[-122.258701,37.518925],[-122.258816,37.519027],[-122.259233,37.519395],[-122.259642,37.519756],[-122.260718,37.520706],[-122.261044,37.520421],[-122.26109,37.520462],[-122.261836,37.521121],[-122.261988,37.521255],[-122.262016,37.52128],[-122.262489,37.521697],[-122.263364,37.52247],[-122.263444,37.522541],[-122.263622,37.522698],[-122.263645,37.522718],[-122.264525,37.523496],[-122.265091,37.525041],[-122.265528,37.525547],[-122.265569,37.525593],[-122.265654,37.525692],[-122.265695,37.525729],[-122.266388,37.526341],[-122.267398,37.527233],[-122.267745,37.527539],[-122.268343,37.528067],[-122.268359,37.528081],[-122.268379,37.528099],[-122.268479,37.528187],[-122.268983,37.528632],[-122.269327,37.528936],[-122.270028,37.52931],[-122.270024,37.52961],[-122.27001,37.530712],[-122.269131,37.530708],[-122.267977,37.530703],[-122.267708,37.530702],[-122.267267,37.532476],[-122.26716,37.532652],[-122.267107,37.532739],[-122.266816,37.533218],[-122.265967,37.533687],[-122.265025,37.533967],[-122.264881,37.533968],[-122.264725,37.533969],[-122.264522,37.53397],[-122.263902,37.533663],[-122.263028,37.533295],[-122.261989,37.53308],[-122.261163,37.533298],[-122.260983,37.533447],[-122.260588,37.533986],[-122.26047,37.534288],[-122.259886,37.534288],[-122.260231,37.537165],[-122.260142,37.539086],[-122.259567,37.540085],[-122.258873,37.540578],[-122.258184,37.540892],[-122.257168,37.541048],[-122.255617,37.540992],[-122.25277,37.540009],[-122.251912,37.539935],[-122.251268,37.54013],[-122.251277,37.54019],[-122.251009,37.540192],[-122.250378,37.540985],[-122.250401,37.541597],[-122.250676,37.541985],[-122.25156,37.543235],[-122.251679,37.543392],[-122.251791,37.543552],[-122.251896,37.543716],[-122.251992,37.543882],[-122.252081,37.544051],[-122.252162,37.544223],[-122.252234,37.544397],[-122.252299,37.544573],[-122.252355,37.544751],[-122.252403,37.54493],[-122.252443,37.545111],[-122.252474,37.545293],[-122.252497,37.545475],[-122.252511,37.545659],[-122.252516,37.545823],[-122.252515,37.545988],[-122.252506,37.546153],[-122.252491,37.546317],[-122.252469,37.546481],[-122.252437,37.546657],[-122.252398,37.546832],[-122.25235,37.547005],[-122.252294,37.547178],[-122.252231,37.547348],[-122.25216,37.547517],[-122.252082,37.547683],[-122.251996,37.547847],[-122.251903,37.548009],[-122.251802,37.548167],[-122.251695,37.548323],[-122.25158,37.548476],[-122.251459,37.548625],[-122.250086,37.548633],[-122.246241,37.55123],[-122.244605,37.550586],[-122.232572,37.5485],[-122.231712,37.548455],[-122.22913,37.548322],[-122.225878,37.545863],[-122.22566,37.544666],[-122.226587,37.543889],[-122.227591,37.543202],[-122.228088,37.542574],[-122.228203,37.54224],[-122.22876,37.541572]]]}},{"type":"Feature","properties":{"NB_Area":"WOODSIDE PLAZA"},"geometry":{"type":"Polygon","coordinates":[[[-122.233895,37.465222],[-122.23375,37.465118],[-122.233474,37.464921],[-122.233352,37.464833],[-122.233016,37.464606],[-122.232874,37.464511],[-122.232548,37.464277],[-122.232401,37.464164],[-122.232269,37.46407],[-122.23212,37.463964],[-122.231817,37.463747],[-122.231684,37.46366],[-122.231406,37.463464],[-122.231309,37.463386],[-122.231195,37.463297],[-122.230923,37.463099],[-122.230496,37.46278],[-122.230382,37.462695],[-122.23018,37.462552],[-122.22984,37.462318],[-122.229662,37.462195],[-122.229551,37.462119],[-122.229343,37.461969],[-122.229206,37.461872],[-122.228863,37.461625],[-122.228549,37.461399],[-122.228088,37.461068],[-122.227911,37.46094],[-122.227832,37.460919],[-122.227252,37.460504],[-122.226285,37.459813],[-122.226116,37.459754],[-122.226006,37.459574],[-122.226113,37.459384],[-122.226122,37.459378],[-122.22613,37.45937],[-122.226136,37.459362],[-122.226173,37.459296],[-122.226211,37.45923],[-122.226249,37.459165],[-122.226287,37.4591],[-122.226326,37.459036],[-122.226386,37.458941],[-122.226533,37.458706],[-122.226639,37.458505],[-122.226783,37.458232],[-122.22696,37.457893],[-122.226963,37.457887],[-122.226973,37.457868],[-122.227074,37.457664],[-122.227213,37.457382],[-122.227366,37.457074],[-122.227416,37.456973],[-122.227175,37.456802],[-122.227111,37.456756],[-122.227047,37.45671],[-122.226982,37.456665],[-122.227216,37.456456],[-122.227518,37.45667],[-122.227526,37.456677],[-122.227642,37.456522],[-122.227646,37.456517],[-122.227662,37.456485],[-122.227696,37.456417],[-122.227729,37.456349],[-122.227763,37.456281],[-122.22783,37.456145],[-122.2279,37.456003],[-122.228007,37.455791],[-122.228035,37.455731],[-122.228101,37.455594],[-122.228232,37.45532],[-122.228343,37.455104],[-122.228476,37.454796],[-122.228562,37.454598],[-122.228706,37.454244],[-122.228729,37.454188],[-122.228787,37.454056],[-122.228781,37.454052],[-122.228193,37.453634],[-122.228233,37.453553],[-122.228311,37.453396],[-122.22834,37.453338],[-122.228926,37.453755],[-122.229124,37.453364],[-122.229128,37.453349],[-122.229242,37.453096],[-122.229386,37.45282],[-122.229504,37.452594],[-122.229002,37.452284],[-122.229092,37.452099],[-122.229127,37.452028],[-122.22963,37.452338],[-122.229719,37.452156],[-122.229735,37.452125],[-122.22999,37.451634],[-122.230104,37.451363],[-122.230155,37.451267],[-122.23024,37.451102],[-122.230365,37.450846],[-122.229857,37.450532],[-122.229982,37.450276],[-122.229989,37.450264],[-122.230014,37.450211],[-122.230171,37.449889],[-122.230253,37.449727],[-122.230398,37.44943],[-122.230524,37.449174],[-122.230649,37.448918],[-122.230774,37.448663],[-122.230891,37.448423],[-122.230959,37.448291],[-122.231394,37.448599],[-122.231734,37.448874],[-122.235183,37.451303],[-122.23652,37.452269],[-122.23785,37.45324],[-122.238161,37.453439],[-122.240388,37.455064],[-122.240451,37.455002],[-122.240802,37.454699],[-122.240959,37.454563],[-122.241021,37.454514],[-122.241089,37.454469],[-122.24116,37.454428],[-122.241236,37.454393],[-122.241315,37.454363],[-122.241401,37.454336],[-122.24149,37.454316],[-122.241581,37.454303],[-122.241673,37.454295],[-122.241766,37.454294],[-122.241858,37.4543],[-122.241942,37.454305],[-122.242026,37.454305],[-122.24211,37.4543],[-122.242193,37.454289],[-122.242274,37.454273],[-122.242354,37.454252],[-122.242432,37.454226],[-122.242515,37.454191],[-122.242594,37.45415],[-122.242669,37.454104],[-122.242738,37.454052],[-122.242842,37.453963],[-122.243873,37.45304],[-122.245342,37.454207],[-122.245649,37.454452],[-122.24612,37.454829],[-122.246448,37.45509],[-122.246784,37.455358],[-122.246935,37.455479],[-122.246376,37.455923],[-122.245833,37.456355],[-122.245677,37.456479],[-122.24553,37.456595],[-122.245457,37.456653],[-122.245311,37.456769],[-122.245164,37.456886],[-122.245018,37.457002],[-122.244913,37.457085],[-122.244871,37.457118],[-122.244725,37.457235],[-122.244723,37.457237],[-122.244573,37.457355],[-122.244515,37.457401],[-122.244491,37.457381],[-122.244279,37.457445],[-122.244212,37.457491],[-122.244259,37.457591],[-122.244172,37.457623],[-122.244068,37.457661],[-122.244039,37.457611],[-122.243984,37.457631],[-122.243838,37.457684],[-122.243868,37.457734],[-122.243839,37.457744],[-122.243749,37.457772],[-122.243656,37.457801],[-122.243601,37.45785],[-122.243536,37.457909],[-122.243155,37.457564],[-122.243106,37.457518],[-122.242755,37.457615],[-122.242734,37.457622],[-122.242714,37.457629],[-122.242693,37.457636],[-122.242675,37.457644],[-122.242654,37.457652],[-122.242635,37.457659],[-122.242615,37.457668],[-122.242596,37.457677],[-122.242577,37.457685],[-122.242559,37.457695],[-122.24254,37.457704],[-122.242521,37.457714],[-122.242502,37.457724],[-122.242485,37.457734],[-122.242467,37.457744],[-122.24245,37.457755],[-122.242433,37.457766],[-122.242414,37.457777],[-122.242389,37.457795],[-122.242372,37.457807],[-122.242343,37.457828],[-122.242326,37.457841],[-122.242307,37.457854],[-122.242289,37.457867],[-122.24227,37.45788],[-122.242251,37.457892],[-122.242233,37.457904],[-122.242199,37.457924],[-122.242178,37.457936],[-122.242158,37.457947],[-122.242137,37.457957],[-122.242117,37.457968],[-122.242097,37.457978],[-122.242062,37.457993],[-122.241981,37.458031],[-122.24175,37.458133],[-122.241539,37.458227],[-122.241305,37.458331],[-122.241092,37.458426],[-122.241039,37.45845],[-122.241034,37.458452],[-122.241029,37.458454],[-122.241024,37.458456],[-122.241019,37.458458],[-122.241014,37.45846],[-122.24101,37.458462],[-122.241005,37.458464],[-122.241,37.458466],[-122.240995,37.458467],[-122.24099,37.458468],[-122.240985,37.45847],[-122.240978,37.458472],[-122.240973,37.458473],[-122.240968,37.458474],[-122.240962,37.458475],[-122.240957,37.458477],[-122.240952,37.458478],[-122.240947,37.458479],[-122.240942,37.458479],[-122.240937,37.45848],[-122.24093,37.458481],[-122.240919,37.458482],[-122.240725,37.458506],[-122.240526,37.458531],[-122.240433,37.458542],[-122.24042,37.458544],[-122.240411,37.458545],[-122.240401,37.458547],[-122.240392,37.458548],[-122.240382,37.458549],[-122.240371,37.45855],[-122.240363,37.45855],[-122.240353,37.458551],[-122.240342,37.458552],[-122.240334,37.458552],[-122.240323,37.458552],[-122.24032,37.458569],[-122.240317,37.458585],[-122.240314,37.458601],[-122.240311,37.458617],[-122.240308,37.458632],[-122.240303,37.458648],[-122.240298,37.458664],[-122.240293,37.458679],[-122.240289,37.458695],[-122.240284,37.45871],[-122.240277,37.458726],[-122.240271,37.458741],[-122.240264,37.458756],[-122.240258,37.458771],[-122.240251,37.458786],[-122.240243,37.458801],[-122.240235,37.458817],[-122.240226,37.458831],[-122.240218,37.458846],[-122.24021,37.45886],[-122.2402,37.458875],[-122.240192,37.458889],[-122.240182,37.458903],[-122.240172,37.458917],[-122.240162,37.458931],[-122.240125,37.458969],[-122.240017,37.459084],[-122.239906,37.459201],[-122.239805,37.459308],[-122.239701,37.459418],[-122.23959,37.459535],[-122.239462,37.459671],[-122.239341,37.459799],[-122.239203,37.459945],[-122.239188,37.459962],[-122.239178,37.459974],[-122.239168,37.459986],[-122.239158,37.459998],[-122.239148,37.46001],[-122.239139,37.460023],[-122.239131,37.460035],[-122.239121,37.460047],[-122.239113,37.46006],[-122.239104,37.460073],[-122.239098,37.460086],[-122.23909,37.460099],[-122.239083,37.460112],[-122.239076,37.460125],[-122.23907,37.460139],[-122.239063,37.460152],[-122.239057,37.460166],[-122.23905,37.460179],[-122.239045,37.460193],[-122.23904,37.460207],[-122.239035,37.46022],[-122.239031,37.460236],[-122.238927,37.460535],[-122.238872,37.460619],[-122.238727,37.460887],[-122.23864,37.461052],[-122.238476,37.461356],[-122.238395,37.461507],[-122.238318,37.46165],[-122.238314,37.461657],[-122.238304,37.461674],[-122.238294,37.461691],[-122.238283,37.461707],[-122.238273,37.461724],[-122.238261,37.46174],[-122.238249,37.461756],[-122.238238,37.461772],[-122.238224,37.461788],[-122.238206,37.461811],[-122.238192,37.461826],[-122.238179,37.461842],[-122.238166,37.461857],[-122.238152,37.461872],[-122.238137,37.461886],[-122.238122,37.461901],[-122.238107,37.461915],[-122.238091,37.461929],[-122.238076,37.461943],[-122.238048,37.461966],[-122.238039,37.461974],[-122.238029,37.461981],[-122.237907,37.462078],[-122.237787,37.462175],[-122.237659,37.462278],[-122.237528,37.462383],[-122.237498,37.462407],[-122.237369,37.462512],[-122.237605,37.4627],[-122.237938,37.462966],[-122.238038,37.463047],[-122.237683,37.463328],[-122.236915,37.463935],[-122.236793,37.464032],[-122.236622,37.464166],[-122.236609,37.464177],[-122.236424,37.464323],[-122.235382,37.465152],[-122.235164,37.465327],[-122.235082,37.465377],[-122.235021,37.465328],[-122.235035,37.465317],[-122.234709,37.465188],[-122.234521,37.465337],[-122.234282,37.465526],[-122.234159,37.465539],[-122.234155,37.465518],[-122.234151,37.465497],[-122.234147,37.465476],[-122.234143,37.465454],[-122.234141,37.465432],[-122.234134,37.465421],[-122.234127,37.46541],[-122.23412,37.4654],[-122.234113,37.465389],[-122.234104,37.465378],[-122.234093,37.465363],[-122.233895,37.465222]]]}},{"type":"Feature","properties":{"NB_Area":"CANYON"},"geometry":{"type":"Polygon","coordinates":[[[-122.252193,37.480197],[-122.252071,37.480069],[-122.252027,37.480024],[-122.251984,37.479979],[-122.251931,37.479922],[-122.251821,37.479793],[-122.251784,37.479745],[-122.251747,37.479697],[-122.251709,37.479646],[-122.251604,37.479486],[-122.251573,37.479435],[-122.251516,37.479336],[-122.251389,37.479161],[-122.251334,37.478951],[-122.251316,37.478899],[-122.251298,37.478847],[-122.251284,37.478768],[-122.251258,37.478612],[-122.251248,37.478549],[-122.251239,37.478486],[-122.25122,37.478348],[-122.251213,37.478245],[-122.25121,37.478192],[-122.251208,37.478119],[-122.251209,37.478069],[-122.251211,37.478019],[-122.251214,37.477842],[-122.251221,37.477701],[-122.251228,37.477553],[-122.251232,37.477448],[-122.251237,37.477358],[-122.251238,37.477339],[-122.251238,37.47732],[-122.251239,37.477305],[-122.251239,37.477297],[-122.251239,37.477289],[-122.251238,37.477282],[-122.251238,37.477274],[-122.251239,37.477221],[-122.251239,37.477177],[-122.251237,37.477133],[-122.251218,37.476934],[-122.251202,37.476836],[-122.251196,37.476781],[-122.251189,37.476726],[-122.251186,37.476671],[-122.251181,37.476616],[-122.25118,37.476561],[-122.251168,37.476547],[-122.251157,37.476532],[-122.251146,37.476517],[-122.251137,37.476502],[-122.251127,37.476487],[-122.251118,37.476472],[-122.251109,37.476457],[-122.2511,37.476441],[-122.251091,37.476425],[-122.251082,37.47641],[-122.251075,37.476394],[-122.251067,37.476378],[-122.25106,37.476362],[-122.251053,37.476346],[-122.251044,37.476321],[-122.250999,37.476241],[-122.250954,37.476162],[-122.250895,37.476067],[-122.250823,37.475952],[-122.2508,37.475919],[-122.250775,37.475886],[-122.250748,37.475853],[-122.250723,37.475821],[-122.250681,37.475771],[-122.250587,37.475684],[-122.250699,37.475595],[-122.250949,37.475397],[-122.251061,37.475309],[-122.251391,37.475051],[-122.251015,37.474756],[-122.250936,37.47468],[-122.250927,37.474669],[-122.250918,37.474659],[-122.250909,37.474648],[-122.250901,37.474637],[-122.250892,37.474626],[-122.250885,37.474615],[-122.250876,37.474604],[-122.250869,37.474592],[-122.250861,37.474581],[-122.250854,37.474569],[-122.250849,37.474558],[-122.250842,37.474546],[-122.250836,37.474534],[-122.250829,37.474522],[-122.250824,37.474511],[-122.250824,37.47451],[-122.250818,37.474498],[-122.250813,37.474486],[-122.250809,37.474474],[-122.250803,37.474462],[-122.2508,37.474449],[-122.250794,37.474437],[-122.25079,37.474425],[-122.250788,37.474412],[-122.250785,37.4744],[-122.250781,37.474387],[-122.250779,37.474374],[-122.250777,37.474362],[-122.250773,37.474349],[-122.250773,37.474336],[-122.250771,37.474324],[-122.250769,37.474311],[-122.250769,37.474298],[-122.250767,37.474285],[-122.250766,37.474272],[-122.250766,37.474259],[-122.250767,37.474247],[-122.250767,37.474234],[-122.250768,37.47422],[-122.250769,37.47418],[-122.25077,37.474121],[-122.250774,37.474075],[-122.250776,37.474028],[-122.250778,37.473981],[-122.250779,37.473934],[-122.25078,37.473888],[-122.250779,37.473841],[-122.250776,37.473794],[-122.250773,37.473747],[-122.25077,37.473701],[-122.25076,37.473627],[-122.250753,37.473576],[-122.250744,37.473525],[-122.250734,37.473475],[-122.250722,37.473424],[-122.250711,37.473374],[-122.250697,37.473324],[-122.250679,37.473259],[-122.250669,37.473232],[-122.25066,37.473205],[-122.250638,37.473143],[-122.250619,37.473081],[-122.250586,37.472969],[-122.250558,37.472873],[-122.250531,37.472787],[-122.250485,37.47264],[-122.250328,37.472348],[-122.250405,37.472285],[-122.250418,37.472274],[-122.250424,37.472263],[-122.250431,37.472253],[-122.250436,37.472242],[-122.250443,37.472231],[-122.250449,37.47222],[-122.250454,37.472209],[-122.250459,37.472198],[-122.250464,37.472187],[-122.250469,37.472176],[-122.250474,37.472165],[-122.25048,37.472146],[-122.250482,37.472135],[-122.250483,37.472125],[-122.250486,37.472114],[-122.250488,37.472104],[-122.250489,37.472093],[-122.250493,37.472083],[-122.250496,37.472072],[-122.250499,37.472062],[-122.250502,37.472051],[-122.250505,37.472041],[-122.250509,37.472031],[-122.250512,37.472021],[-122.250517,37.47201],[-122.250522,37.472],[-122.250525,37.47199],[-122.25053,37.47198],[-122.250535,37.471971],[-122.25054,37.47196],[-122.250546,37.471951],[-122.250551,37.471941],[-122.250558,37.471931],[-122.250563,37.471922],[-122.25057,37.471912],[-122.250576,37.471903],[-122.250583,37.471894],[-122.25059,37.471885],[-122.250596,37.471876],[-122.250605,37.471866],[-122.250611,37.471858],[-122.25062,37.471849],[-122.250626,37.47184],[-122.250635,37.471832],[-122.250643,37.471823],[-122.250652,37.471815],[-122.25066,37.471807],[-122.250669,37.471799],[-122.250685,37.471784],[-122.250804,37.471709],[-122.250996,37.471588],[-122.251149,37.471492],[-122.251487,37.471282],[-122.25165,37.47118],[-122.251657,37.471175],[-122.251665,37.47117],[-122.251674,37.471165],[-122.251681,37.47116],[-122.251689,37.471154],[-122.251696,37.471149],[-122.251703,37.471143],[-122.251711,37.471138],[-122.251718,37.471132],[-122.251725,37.471126],[-122.251731,37.47112],[-122.251738,37.471114],[-122.251745,37.471108],[-122.251752,37.471102],[-122.251758,37.471096],[-122.251763,37.471089],[-122.25177,37.471083],[-122.251775,37.471076],[-122.251782,37.47107],[-122.251792,37.471057],[-122.251926,37.470913],[-122.252017,37.470829],[-122.252114,37.470739],[-122.252186,37.47068],[-122.252601,37.470354],[-122.252949,37.470071],[-122.252965,37.470074],[-122.252973,37.470076],[-122.252982,37.470077],[-122.252991,37.470079],[-122.252999,37.470081],[-122.253008,37.470082],[-122.253017,37.470083],[-122.253025,37.470084],[-122.253034,37.470086],[-122.253043,37.470086],[-122.253051,37.470087],[-122.253062,37.470088],[-122.25307,37.470088],[-122.253079,37.470089],[-122.253087,37.470089],[-122.253096,37.470089],[-122.253106,37.470089],[-122.253115,37.470089],[-122.253124,37.470089],[-122.25368,37.470086],[-122.254249,37.47008],[-122.25494,37.470074],[-122.255153,37.470073],[-122.255217,37.470074],[-122.25525,37.470074],[-122.255284,37.470074],[-122.255319,37.470073],[-122.255351,37.470072],[-122.255386,37.470071],[-122.25542,37.470068],[-122.255453,37.470066],[-122.255487,37.470063],[-122.25552,37.470059],[-122.255554,37.470055],[-122.25559,37.470049],[-122.255626,37.470043],[-122.255724,37.470028],[-122.255903,37.469999],[-122.256116,37.469967],[-122.256131,37.469962],[-122.256143,37.469959],[-122.256155,37.469957],[-122.256167,37.469954],[-122.256179,37.469952],[-122.256191,37.46995],[-122.256203,37.469948],[-122.256215,37.469946],[-122.25621,37.469509],[-122.256205,37.469155],[-122.256202,37.468945],[-122.256202,37.468942],[-122.256202,37.468938],[-122.2562,37.468935],[-122.2562,37.468931],[-122.256198,37.468927],[-122.256198,37.468924],[-122.256196,37.468921],[-122.256194,37.468917],[-122.256193,37.468914],[-122.256191,37.468911],[-122.256187,37.468908],[-122.256185,37.468905],[-122.256182,37.468902],[-122.25618,37.468901],[-122.256329,37.468844],[-122.256661,37.46872],[-122.256849,37.468558],[-122.25684,37.468491],[-122.256814,37.468433],[-122.256796,37.468342],[-122.257014,37.468214],[-122.257058,37.468196],[-122.257099,37.468173],[-122.257134,37.468145],[-122.257164,37.468114],[-122.257189,37.468082],[-122.257222,37.468039],[-122.25726,37.468],[-122.257304,37.467963],[-122.257352,37.467931],[-122.257404,37.467903],[-122.257459,37.467879],[-122.257494,37.467868],[-122.257529,37.467861],[-122.257566,37.467858],[-122.257841,37.46783],[-122.257867,37.467813],[-122.257896,37.467792],[-122.257924,37.467777],[-122.257932,37.467772],[-122.257941,37.467768],[-122.257949,37.467764],[-122.257958,37.46776],[-122.257971,37.467754],[-122.257988,37.467746],[-122.258001,37.467741],[-122.258015,37.467736],[-122.258028,37.467731],[-122.258042,37.467726],[-122.258061,37.467721],[-122.258076,37.467717],[-122.25809,37.467714],[-122.258109,37.46771],[-122.258124,37.467707],[-122.258134,37.467705],[-122.258149,37.467703],[-122.258163,37.467701],[-122.258174,37.4677],[-122.258188,37.467698],[-122.258203,37.467697],[-122.258363,37.467682],[-122.258538,37.467672],[-122.258566,37.467674],[-122.258592,37.467691],[-122.25861,37.467707],[-122.258647,37.468121],[-122.259144,37.468491],[-122.259194,37.468531],[-122.259153,37.46857],[-122.259144,37.468577],[-122.259134,37.468583],[-122.259122,37.468592],[-122.259108,37.468601],[-122.259095,37.468609],[-122.259081,37.468617],[-122.259067,37.468624],[-122.259057,37.468629],[-122.259045,37.468634],[-122.259035,37.468639],[-122.259023,37.468643],[-122.259008,37.468649],[-122.258992,37.468654],[-122.258975,37.468659],[-122.258879,37.468684],[-122.258866,37.468688],[-122.258854,37.468692],[-122.258843,37.468696],[-122.258831,37.4687],[-122.258821,37.468705],[-122.258807,37.468711],[-122.258792,37.468718],[-122.258779,37.468725],[-122.258765,37.468733],[-122.258752,37.468741],[-122.258739,37.468749],[-122.258727,37.468757],[-122.258715,37.468766],[-122.258706,37.468773],[-122.258698,37.46878],[-122.258686,37.46879],[-122.258676,37.4688],[-122.258666,37.46881],[-122.258658,37.468818],[-122.258652,37.468826],[-122.258645,37.468834],[-122.258638,37.468843],[-122.258632,37.468851],[-122.258627,37.46886],[-122.25862,37.468868],[-122.258615,37.468877],[-122.258608,37.468889],[-122.258603,37.468901],[-122.258599,37.468911],[-122.258594,37.46892],[-122.25859,37.468932],[-122.258585,37.468945],[-122.258582,37.468958],[-122.258579,37.468967],[-122.258577,37.468977],[-122.258573,37.469002],[-122.25857,37.469017],[-122.258569,37.469032],[-122.258568,37.469056],[-122.258566,37.469073],[-122.258567,37.469089],[-122.258567,37.469105],[-122.258567,37.469122],[-122.258568,37.469139],[-122.25857,37.469155],[-122.258572,37.469172],[-122.258574,37.469188],[-122.258576,37.469204],[-122.258578,37.469221],[-122.258582,37.469237],[-122.258586,37.469254],[-122.25859,37.46927],[-122.258594,37.469286],[-122.258597,37.469302],[-122.258603,37.469318],[-122.258609,37.469334],[-122.258614,37.46935],[-122.25862,37.469366],[-122.258627,37.469381],[-122.258632,37.469397],[-122.25864,37.469412],[-122.258647,37.469428],[-122.258654,37.469443],[-122.258663,37.469459],[-122.25867,37.469474],[-122.258685,37.469497],[-122.258694,37.46951],[-122.258703,37.469524],[-122.258712,37.469537],[-122.258722,37.46955],[-122.258731,37.469563],[-122.258742,37.469576],[-122.258752,37.469589],[-122.258763,37.469601],[-122.258774,37.469613],[-122.258784,37.469626],[-122.258797,37.469637],[-122.258807,37.469649],[-122.25882,37.469661],[-122.258832,37.469673],[-122.258851,37.469693],[-122.25919,37.470011],[-122.259454,37.47026],[-122.25946,37.470266],[-122.259465,37.470271],[-122.259469,37.470276],[-122.259474,37.470283],[-122.25948,37.47029],[-122.259484,37.470295],[-122.259487,37.470301],[-122.259491,37.470308],[-122.259494,37.470314],[-122.259499,37.47032],[-122.259501,37.470326],[-122.259504,37.470334],[-122.259507,37.470342],[-122.25951,37.470348],[-122.259511,37.470355],[-122.259513,37.470361],[-122.259514,37.470368],[-122.259516,37.470376],[-122.259517,37.470385],[-122.259518,37.470397],[-122.259518,37.470408],[-122.259518,37.470417],[-122.259517,37.470427],[-122.259516,37.470436],[-122.259501,37.470631],[-122.259488,37.47076],[-122.259545,37.470764],[-122.260021,37.470785],[-122.260031,37.470634],[-122.260043,37.470469],[-122.260055,37.470291],[-122.260079,37.469943],[-122.260359,37.470127],[-122.26047,37.470201],[-122.260567,37.470264],[-122.260648,37.470264],[-122.260648,37.470341],[-122.260645,37.47102],[-122.260685,37.471017],[-122.260696,37.471015],[-122.260831,37.471001],[-122.260836,37.471116],[-122.260607,37.471493],[-122.260509,37.471653],[-122.260398,37.471836],[-122.260677,37.471912],[-122.260743,37.47193],[-122.260622,37.47213],[-122.260579,37.472199],[-122.260336,37.472599],[-122.260276,37.472644],[-122.260643,37.473349],[-122.260692,37.473428],[-122.260736,37.473481],[-122.260788,37.473537],[-122.260849,37.473587],[-122.260803,37.47362],[-122.260782,37.473637],[-122.261317,37.474063],[-122.26132,37.474066],[-122.261323,37.47407],[-122.261325,37.474074],[-122.261327,37.474078],[-122.261327,37.474083],[-122.261327,37.474087],[-122.261325,37.474091],[-122.261323,37.474095],[-122.260663,37.475137],[-122.26086,37.475164],[-122.260826,37.475218],[-122.260797,37.475348],[-122.260726,37.475677],[-122.260691,37.47584],[-122.260715,37.475843],[-122.260702,37.475897],[-122.26089,37.475923],[-122.260897,37.475924],[-122.260904,37.475926],[-122.260911,37.475929],[-122.260917,37.475933],[-122.260922,37.475938],[-122.260926,37.475943],[-122.260997,37.476046],[-122.261029,37.476071],[-122.261036,37.476076],[-122.261043,37.476081],[-122.261048,37.476086],[-122.261052,37.476093],[-122.261055,37.4761],[-122.261056,37.476107],[-122.261055,37.476114],[-122.261053,37.476121],[-122.261049,37.476128],[-122.261044,37.476134],[-122.261023,37.476155],[-122.261077,37.476189],[-122.261098,37.476168],[-122.261104,37.476163],[-122.26111,37.476159],[-122.261117,37.476156],[-122.261125,37.476154],[-122.261133,37.476152],[-122.261141,37.476152],[-122.261149,37.476153],[-122.261157,37.476155],[-122.261164,37.476158],[-122.261171,37.476161],[-122.261198,37.476178],[-122.26105,37.476327],[-122.260673,37.476027],[-122.260653,37.476011],[-122.26056,37.47644],[-122.260579,37.47645],[-122.260569,37.476495],[-122.260487,37.476872],[-122.260465,37.476865],[-122.260423,37.477054],[-122.260414,37.477096],[-122.260365,37.477325],[-122.260388,37.477332],[-122.260758,37.477445],[-122.260869,37.477479],[-122.261586,37.477699],[-122.261323,37.477839],[-122.261025,37.477998],[-122.260999,37.478011],[-122.26089,37.478105],[-122.260793,37.478221],[-122.260886,37.478308],[-122.260818,37.4784],[-122.260814,37.478406],[-122.260808,37.478411],[-122.260801,37.478415],[-122.260793,37.478418],[-122.260785,37.47842],[-122.260667,37.478533],[-122.26066,37.478543],[-122.260651,37.478552],[-122.260663,37.478562],[-122.259632,37.479452],[-122.259451,37.479609],[-122.259223,37.479806],[-122.259083,37.479927],[-122.258942,37.480048],[-122.258919,37.480068],[-122.258872,37.480109],[-122.258708,37.48025],[-122.25865,37.4803],[-122.258478,37.480455],[-122.258463,37.480443],[-122.258296,37.480588],[-122.258128,37.480734],[-122.257775,37.480452],[-122.257943,37.480307],[-122.25811,37.480162],[-122.257946,37.480031],[-122.257779,37.479898],[-122.257775,37.479895],[-122.257683,37.479822],[-122.257604,37.479759],[-122.257428,37.479619],[-122.257397,37.479594],[-122.256986,37.479267],[-122.256829,37.479391],[-122.256693,37.4795],[-122.256619,37.479559],[-122.256303,37.47981],[-122.256278,37.47983],[-122.256022,37.480034],[-122.255899,37.480132],[-122.255816,37.480198],[-122.255619,37.48004],[-122.255375,37.480234],[-122.255092,37.480459],[-122.254909,37.480604],[-122.254726,37.48075],[-122.254452,37.480968],[-122.254269,37.481113],[-122.253937,37.481377],[-122.253903,37.481404],[-122.253821,37.481469],[-122.253806,37.481456],[-122.252587,37.480485],[-122.252449,37.480389],[-122.252282,37.480274],[-122.252237,37.480236],[-122.252193,37.480197]]]}},{"type":"Feature","properties":{"NB_Area":"CENTRAL"},"geometry":{"type":"Polygon","coordinates":[[[-122.231114,37.482022],[-122.230774,37.481778],[-122.230742,37.481806],[-122.230626,37.481908],[-122.230511,37.48201],[-122.230152,37.481752],[-122.229999,37.481642],[-122.229641,37.481384],[-122.229283,37.481127],[-122.229201,37.481068],[-122.229239,37.481034],[-122.229168,37.480982],[-122.228835,37.480743],[-122.228798,37.480716],[-122.228876,37.48065],[-122.228861,37.480638],[-122.228196,37.48016],[-122.228119,37.480105],[-122.228056,37.480155],[-122.227953,37.480073],[-122.227577,37.479771],[-122.227174,37.479447],[-122.226969,37.479609],[-122.226715,37.47981],[-122.226591,37.479908],[-122.226544,37.479874],[-122.225902,37.479396],[-122.225529,37.479133],[-122.225191,37.478897],[-122.224148,37.478144],[-122.223444,37.477635],[-122.222283,37.476797],[-122.223215,37.476057],[-122.223316,37.475977],[-122.224042,37.475403],[-122.224148,37.475319],[-122.224666,37.474908],[-122.224879,37.474738],[-122.225038,37.474611],[-122.225162,37.474514],[-122.225514,37.474233],[-122.225692,37.474092],[-122.226702,37.473288],[-122.226854,37.473168],[-122.227563,37.472604],[-122.227688,37.472504],[-122.227756,37.472451],[-122.228003,37.472255],[-122.228614,37.47177],[-122.228859,37.471573],[-122.228959,37.471493],[-122.228964,37.471489],[-122.229052,37.471417],[-122.229235,37.471272],[-122.229411,37.471133],[-122.229599,37.470985],[-122.229705,37.4709],[-122.229829,37.470802],[-122.230005,37.470666],[-122.230116,37.470579],[-122.230147,37.470555],[-122.230237,37.470483],[-122.230451,37.470313],[-122.23058,37.470211],[-122.230666,37.470144],[-122.230741,37.470087],[-122.23089,37.469964],[-122.231008,37.469879],[-122.231159,37.469769],[-122.231309,37.469679],[-122.231371,37.469634],[-122.231389,37.469648],[-122.231721,37.469913],[-122.232146,37.470252],[-122.232456,37.4705],[-122.232539,37.470435],[-122.232736,37.470287],[-122.232892,37.470167],[-122.233166,37.469951],[-122.233216,37.469896],[-122.233553,37.469628],[-122.23372,37.469761],[-122.235073,37.470844],[-122.235158,37.470912],[-122.235523,37.471203],[-122.235269,37.471404],[-122.234843,37.471742],[-122.234687,37.471864],[-122.234598,37.471935],[-122.234534,37.471986],[-122.234616,37.472052],[-122.234555,37.472101],[-122.234797,37.472296],[-122.234918,37.472393],[-122.235039,37.472491],[-122.235161,37.472589],[-122.235282,37.472686],[-122.235403,37.472784],[-122.235585,37.47293],[-122.235706,37.473028],[-122.235945,37.47322],[-122.236174,37.473405],[-122.236284,37.473494],[-122.236403,37.473663],[-122.23651,37.473579],[-122.236648,37.47347],[-122.236769,37.473567],[-122.236891,37.473664],[-122.237124,37.47348],[-122.237314,37.473329],[-122.237429,37.473339],[-122.237511,37.473404],[-122.237857,37.473679],[-122.238068,37.473847],[-122.23814,37.473907],[-122.238212,37.473966],[-122.238503,37.474198],[-122.238842,37.474465],[-122.239086,37.474658],[-122.2392,37.474718],[-122.239086,37.474855],[-122.238986,37.474964],[-122.238889,37.47508],[-122.238693,37.475321],[-122.238653,37.47537],[-122.238611,37.475419],[-122.23853,37.475511],[-122.238453,37.475598],[-122.238448,37.475604],[-122.238394,37.475666],[-122.238341,37.475727],[-122.238289,37.475784],[-122.238236,37.47584],[-122.238184,37.475896],[-122.238132,37.475951],[-122.238009,37.47608],[-122.237942,37.476146],[-122.237875,37.476211],[-122.237841,37.476243],[-122.237805,37.476275],[-122.23775,37.476328],[-122.237692,37.476381],[-122.237635,37.476433],[-122.237512,37.476542],[-122.237424,37.476618],[-122.237307,37.476721],[-122.237155,37.476856],[-122.237083,37.476922],[-122.236951,37.477037],[-122.236833,37.477141],[-122.236412,37.47751],[-122.236141,37.477748],[-122.235919,37.477943],[-122.235671,37.478163],[-122.235632,37.478198],[-122.235516,37.4783],[-122.235249,37.478536],[-122.235126,37.478644],[-122.235053,37.478709],[-122.2339,37.479728],[-122.233737,37.479871],[-122.232744,37.480748],[-122.231763,37.481615],[-122.231583,37.481774],[-122.231218,37.482097],[-122.231114,37.482022]]]}},{"type":"Feature","properties":{"NB_Area":"CENTENNIAL"},"geometry":{"type":"Polygon","coordinates":[[[-122.235059,37.496466],[-122.234782,37.496388],[-122.234654,37.496675],[-122.2342,37.496545],[-122.233591,37.496381],[-122.233117,37.496247],[-122.233117,37.496247],[-122.230467,37.495498],[-122.229076,37.495104],[-122.227739,37.494726],[-122.226989,37.494502],[-122.227204,37.494307],[-122.227906,37.493671],[-122.227799,37.493597],[-122.22788,37.493517],[-122.227955,37.493445],[-122.227978,37.49342],[-122.228002,37.493395],[-122.228023,37.493369],[-122.228045,37.493343],[-122.228067,37.493317],[-122.228087,37.493291],[-122.228109,37.493264],[-122.228127,37.493237],[-122.228147,37.49321],[-122.228166,37.493183],[-122.228182,37.493155],[-122.228201,37.493127],[-122.228217,37.493099],[-122.228234,37.493071],[-122.228249,37.493042],[-122.228263,37.493013],[-122.228277,37.492984],[-122.228291,37.492955],[-122.228303,37.492925],[-122.228316,37.492896],[-122.228329,37.49286],[-122.228366,37.492745],[-122.228393,37.49266],[-122.228398,37.492646],[-122.228403,37.492632],[-122.228406,37.492618],[-122.228411,37.492605],[-122.228414,37.49259],[-122.228417,37.492577],[-122.228418,37.492563],[-122.228422,37.492548],[-122.228423,37.492534],[-122.228424,37.49252],[-122.228426,37.492506],[-122.228427,37.492492],[-122.228429,37.492478],[-122.228428,37.492463],[-122.22843,37.492449],[-122.228429,37.492435],[-122.228429,37.492421],[-122.228427,37.492407],[-122.228427,37.492393],[-122.228425,37.492379],[-122.228424,37.492365],[-122.228422,37.49235],[-122.22842,37.492336],[-122.228416,37.492322],[-122.228412,37.492302],[-122.228394,37.492239],[-122.228481,37.492221],[-122.228512,37.492215],[-122.228541,37.49221],[-122.228572,37.492206],[-122.228622,37.492199],[-122.228653,37.492195],[-122.228684,37.492192],[-122.228715,37.492189],[-122.228746,37.492187],[-122.228777,37.492185],[-122.228808,37.492183],[-122.228839,37.492182],[-122.228868,37.492182],[-122.228899,37.492182],[-122.22893,37.492182],[-122.228961,37.492182],[-122.228992,37.492184],[-122.229023,37.492185],[-122.229054,37.492187],[-122.229086,37.492189],[-122.229117,37.492192],[-122.229137,37.492192],[-122.229155,37.492192],[-122.22917,37.492191],[-122.229187,37.492191],[-122.229203,37.492189],[-122.22922,37.492188],[-122.229235,37.492187],[-122.229253,37.492185],[-122.229268,37.492183],[-122.229285,37.492181],[-122.229301,37.492179],[-122.229318,37.492176],[-122.229333,37.492173],[-122.229349,37.49217],[-122.229364,37.492167],[-122.229381,37.492164],[-122.229397,37.49216],[-122.229412,37.492156],[-122.229428,37.492152],[-122.229443,37.492148],[-122.229458,37.492143],[-122.22953,37.492119],[-122.229546,37.492113],[-122.229559,37.492107],[-122.229575,37.492101],[-122.229588,37.492094],[-122.229604,37.492088],[-122.229617,37.492081],[-122.229631,37.492074],[-122.229645,37.492067],[-122.229658,37.492059],[-122.229672,37.492052],[-122.229685,37.492044],[-122.229699,37.492037],[-122.229711,37.492028],[-122.229725,37.49202],[-122.229736,37.492012],[-122.229748,37.492003],[-122.229762,37.491994],[-122.229774,37.491985],[-122.229786,37.491976],[-122.229797,37.491967],[-122.229808,37.491958],[-122.229819,37.491948],[-122.229829,37.491938],[-122.229841,37.491928],[-122.229851,37.491919],[-122.229862,37.491908],[-122.229872,37.491898],[-122.229887,37.491882],[-122.229973,37.491789],[-122.230445,37.491282],[-122.230594,37.491173],[-122.231772,37.490318],[-122.231876,37.490243],[-122.232739,37.489615],[-122.233705,37.488911],[-122.234198,37.488553],[-122.234674,37.488204],[-122.235245,37.487787],[-122.235645,37.487494],[-122.235918,37.487296],[-122.236033,37.487185],[-122.237994,37.488885],[-122.239201,37.489929],[-122.239438,37.490135],[-122.239774,37.490427],[-122.239924,37.490556],[-122.239977,37.490605],[-122.240031,37.490653],[-122.240086,37.490701],[-122.240142,37.490747],[-122.2402,37.490793],[-122.240258,37.490838],[-122.240318,37.490883],[-122.240377,37.490926],[-122.240439,37.490969],[-122.2405,37.49101],[-122.240615,37.491084],[-122.240845,37.491169],[-122.240986,37.49122],[-122.241725,37.49165],[-122.241896,37.491758],[-122.242148,37.491917],[-122.24221,37.491957],[-122.242271,37.491997],[-122.24233,37.492039],[-122.24239,37.492081],[-122.242448,37.492124],[-122.242504,37.492168],[-122.242597,37.492242],[-122.242845,37.492442],[-122.243486,37.492959],[-122.24369,37.493126],[-122.244266,37.4936],[-122.244166,37.493699],[-122.244146,37.493879],[-122.2441,37.493923],[-122.244,37.494019],[-122.244317,37.494278],[-122.244237,37.494458],[-122.245016,37.495143],[-122.244432,37.495604],[-122.24439,37.495637],[-122.244009,37.495937],[-122.243961,37.495973],[-122.243959,37.495975],[-122.243759,37.496123],[-122.24372,37.496152],[-122.243426,37.49637],[-122.243253,37.496498],[-122.243209,37.496531],[-122.243127,37.496591],[-122.243001,37.496685],[-122.242875,37.496778],[-122.242749,37.496872],[-122.242623,37.496966],[-122.242496,37.497059],[-122.242408,37.497124],[-122.242364,37.497157],[-122.242231,37.497256],[-122.242099,37.497354],[-122.241966,37.497452],[-122.241902,37.4975],[-122.241834,37.49755],[-122.241701,37.497648],[-122.241569,37.497747],[-122.241561,37.497752],[-122.241322,37.498038],[-122.241266,37.498144],[-122.24125,37.498323],[-122.241109,37.498229],[-122.240483,37.497811],[-122.240311,37.497811],[-122.240161,37.497812],[-122.23838,37.497825],[-122.238124,37.497827],[-122.237136,37.497345],[-122.236985,37.497273],[-122.236833,37.497204],[-122.236682,37.497138],[-122.236545,37.49708],[-122.236355,37.496977],[-122.236161,37.496881],[-122.235962,37.49679],[-122.235787,37.496716],[-122.235609,37.496647],[-122.235428,37.496582],[-122.235244,37.496522],[-122.235059,37.496466]]]}},{"type":"Feature","properties":{"NB_Area":"STAMBAUGH - HELLER"},"geometry":{"type":"Polygon","coordinates":[[[-122.221641,37.477118],[-122.221807,37.476454],[-122.222047,37.476626],[-122.222283,37.476797],[-122.223444,37.477635],[-122.224148,37.478144],[-122.225191,37.478897],[-122.225529,37.479133],[-122.225902,37.479396],[-122.226544,37.479874],[-122.226591,37.479908],[-122.226766,37.480033],[-122.227084,37.480261],[-122.226603,37.48121],[-122.226581,37.481304],[-122.22644,37.48191],[-122.226316,37.482465],[-122.226289,37.482588],[-122.226262,37.482643],[-122.226237,37.482693],[-122.226153,37.483107],[-122.226036,37.483246],[-122.225546,37.48396],[-122.224962,37.484809],[-122.22435,37.485678],[-122.224303,37.485752],[-122.223755,37.486542],[-122.223595,37.48674],[-122.223031,37.487584],[-122.222884,37.487803],[-122.222547,37.48828],[-122.221751,37.489405],[-122.221737,37.489575],[-122.221574,37.490404],[-122.221491,37.490807],[-122.221464,37.490906],[-122.221413,37.491045],[-122.221331,37.49121],[-122.221191,37.491435],[-122.220703,37.492043],[-122.220414,37.491916],[-122.218004,37.490825],[-122.217516,37.490605],[-122.216726,37.490259],[-122.216198,37.490042],[-122.215645,37.489825],[-122.215071,37.489598],[-122.214446,37.489367],[-122.213935,37.489192],[-122.213442,37.489035],[-122.212929,37.488881],[-122.213261,37.488643],[-122.213302,37.488611],[-122.213343,37.488578],[-122.213382,37.488545],[-122.21342,37.488512],[-122.213545,37.48842],[-122.213659,37.488322],[-122.213739,37.488257],[-122.213793,37.488188],[-122.213851,37.488108],[-122.213889,37.488043],[-122.213916,37.487976],[-122.213959,37.487869],[-122.213999,37.487755],[-122.214024,37.487668],[-122.214093,37.487344],[-122.214159,37.487041],[-122.21424,37.486668],[-122.214288,37.486445],[-122.214329,37.486256],[-122.214398,37.48599],[-122.214419,37.485911],[-122.21444,37.485832],[-122.214464,37.485753],[-122.214489,37.485675],[-122.214541,37.485527],[-122.214673,37.485356],[-122.214705,37.485294],[-122.214723,37.48526],[-122.214741,37.485226],[-122.214761,37.485193],[-122.214781,37.48516],[-122.214802,37.485127],[-122.214824,37.485095],[-122.214846,37.485062],[-122.214869,37.48503],[-122.214893,37.484999],[-122.214918,37.484967],[-122.214943,37.484937],[-122.214968,37.484906],[-122.214995,37.484876],[-122.215022,37.484846],[-122.21505,37.484817],[-122.215079,37.484788],[-122.215108,37.484759],[-122.215138,37.484731],[-122.215168,37.484703],[-122.215199,37.484676],[-122.215229,37.484649],[-122.215261,37.484623],[-122.215295,37.484597],[-122.215327,37.484571],[-122.215361,37.484546],[-122.215395,37.484521],[-122.215431,37.484497],[-122.215467,37.484473],[-122.215502,37.48445],[-122.215538,37.484428],[-122.215575,37.484405],[-122.215613,37.484384],[-122.21565,37.484363],[-122.215814,37.484274],[-122.216246,37.484034],[-122.216413,37.483955],[-122.216481,37.483926],[-122.216548,37.483895],[-122.216612,37.483864],[-122.216677,37.483832],[-122.216742,37.483798],[-122.216805,37.483764],[-122.216868,37.483729],[-122.216931,37.483694],[-122.216992,37.483657],[-122.217051,37.483619],[-122.217111,37.483581],[-122.21717,37.483542],[-122.217228,37.483502],[-122.217286,37.483461],[-122.217342,37.48342],[-122.217428,37.483352],[-122.217457,37.483328],[-122.217485,37.483303],[-122.217512,37.483278],[-122.217539,37.483252],[-122.217566,37.483226],[-122.217592,37.4832],[-122.217617,37.483173],[-122.217642,37.483146],[-122.217677,37.483106],[-122.217894,37.482805],[-122.21829,37.48226],[-122.21834,37.482184],[-122.218514,37.481939],[-122.218993,37.481259],[-122.219104,37.481078],[-122.219646,37.480189],[-122.220232,37.479225],[-122.220508,37.478795],[-122.220639,37.478591],[-122.220754,37.478412],[-122.220874,37.478227],[-122.220957,37.478109],[-122.220959,37.478107],[-122.221294,37.47762],[-122.221556,37.47724],[-122.221641,37.477118]]]}},{"type":"Feature","properties":{"NB_Area":"REDWOOD OAKS"},"geometry":{"type":"Polygon","coordinates":[[[-122.215354,37.475168],[-122.215563,37.474868],[-122.215899,37.475016],[-122.21594,37.474956],[-122.215966,37.47492],[-122.215982,37.474896],[-122.216024,37.474836],[-122.216065,37.474776],[-122.216107,37.474715],[-122.216149,37.474655],[-122.21619,37.474595],[-122.216232,37.474535],[-122.216274,37.474475],[-122.216315,37.474415],[-122.216357,37.474355],[-122.216399,37.474295],[-122.21644,37.474235],[-122.216482,37.474175],[-122.216524,37.474114],[-122.216565,37.474054],[-122.216607,37.473994],[-122.216649,37.473934],[-122.21669,37.473874],[-122.216711,37.473844],[-122.216732,37.473814],[-122.216774,37.473754],[-122.216815,37.473694],[-122.216857,37.473634],[-122.216867,37.473619],[-122.217185,37.47334],[-122.21721,37.473318],[-122.217053,37.473205],[-122.216925,37.473113],[-122.216828,37.473042],[-122.216671,37.472929],[-122.216605,37.472881],[-122.216418,37.472746],[-122.21612,37.47253],[-122.215963,37.472417],[-122.215837,37.472326],[-122.215774,37.47228],[-122.21571,37.472234],[-122.215646,37.472188],[-122.215412,37.472019],[-122.215254,37.471905],[-122.214964,37.471695],[-122.214695,37.471501],[-122.214568,37.471408],[-122.214465,37.471334],[-122.214388,37.471279],[-122.214312,37.471223],[-122.214158,37.471112],[-122.213826,37.470872],[-122.213698,37.47078],[-122.213519,37.47065],[-122.213135,37.470373],[-122.212828,37.470151],[-122.212687,37.470049],[-122.212559,37.469957],[-122.212432,37.469864],[-122.212334,37.469793],[-122.212559,37.469539],[-122.212806,37.46923],[-122.212807,37.46923],[-122.212899,37.469114],[-122.212991,37.468999],[-122.213084,37.468883],[-122.213176,37.468767],[-122.213229,37.468701],[-122.213269,37.468651],[-122.213362,37.468535],[-122.213478,37.468389],[-122.213763,37.468033],[-122.21377,37.468024],[-122.213679,37.467958],[-122.214026,37.467525],[-122.214148,37.467372],[-122.214166,37.467349],[-122.214473,37.466966],[-122.214808,37.466541],[-122.215194,37.466057],[-122.21533,37.465886],[-122.215341,37.465873],[-122.215452,37.465734],[-122.215498,37.465676],[-122.215726,37.465391],[-122.215856,37.465228],[-122.216002,37.465046],[-122.216201,37.464799],[-122.216384,37.464872],[-122.216891,37.465076],[-122.21699,37.465116],[-122.217065,37.465022],[-122.217268,37.464767],[-122.217385,37.464621],[-122.217561,37.4644],[-122.217579,37.464407],[-122.21766,37.464303],[-122.217725,37.46422],[-122.217728,37.464222],[-122.218097,37.463748],[-122.218098,37.463748],[-122.218114,37.463701],[-122.218109,37.463703],[-122.218126,37.463652],[-122.218239,37.463318],[-122.218299,37.463141],[-122.218311,37.463105],[-122.218343,37.463009],[-122.218384,37.46289],[-122.218424,37.462771],[-122.218465,37.462651],[-122.218505,37.462532],[-122.218545,37.462413],[-122.218586,37.462293],[-122.218619,37.462197],[-122.218626,37.462174],[-122.218667,37.462055],[-122.218707,37.461935],[-122.218748,37.461816],[-122.218788,37.461697],[-122.218826,37.461584],[-122.218828,37.461578],[-122.218869,37.461458],[-122.218909,37.461339],[-122.21895,37.46122],[-122.21899,37.4611],[-122.218995,37.461087],[-122.21903,37.460981],[-122.21908,37.460835],[-122.219109,37.4608],[-122.219194,37.460697],[-122.219245,37.460635],[-122.219279,37.460593],[-122.219364,37.46049],[-122.219448,37.460387],[-122.219533,37.460283],[-122.219566,37.460244],[-122.219618,37.46018],[-122.219703,37.460077],[-122.219788,37.459973],[-122.219873,37.45987],[-122.219958,37.459766],[-122.220047,37.459659],[-122.22014,37.459546],[-122.220169,37.45951],[-122.220321,37.459325],[-122.220567,37.459024],[-122.220616,37.458964],[-122.220644,37.45893],[-122.220673,37.458895],[-122.220756,37.458794],[-122.220902,37.458616],[-122.220956,37.45861],[-122.221347,37.45857],[-122.221596,37.458747],[-122.221761,37.458864],[-122.22203,37.459057],[-122.222246,37.45921],[-122.222406,37.459068],[-122.222564,37.458927],[-122.222718,37.458789],[-122.222877,37.458648],[-122.223031,37.458511],[-122.223052,37.458493],[-122.223181,37.458377],[-122.223228,37.458335],[-122.223311,37.458261],[-122.223415,37.458169],[-122.223472,37.458118],[-122.22349,37.458131],[-122.223554,37.458177],[-122.223618,37.458223],[-122.223631,37.458232],[-122.223682,37.458268],[-122.223746,37.458314],[-122.22381,37.45836],[-122.223874,37.458406],[-122.223913,37.458434],[-122.223938,37.458452],[-122.224002,37.458498],[-122.224066,37.458544],[-122.224098,37.458566],[-122.224131,37.45859],[-122.224195,37.458635],[-122.224259,37.458681],[-122.224274,37.458692],[-122.224323,37.458727],[-122.224387,37.458773],[-122.224451,37.458819],[-122.224451,37.458819],[-122.224515,37.458865],[-122.224579,37.458911],[-122.224628,37.458946],[-122.224643,37.458957],[-122.224707,37.459002],[-122.224771,37.459048],[-122.224805,37.459072],[-122.224836,37.459094],[-122.2249,37.45914],[-122.224964,37.459186],[-122.224982,37.459199],[-122.225028,37.459232],[-122.225092,37.459278],[-122.225156,37.459323],[-122.22522,37.459369],[-122.225256,37.459395],[-122.225284,37.459415],[-122.225335,37.459452],[-122.225348,37.459461],[-122.225412,37.459507],[-122.225476,37.459553],[-122.22554,37.459599],[-122.225605,37.459645],[-122.225662,37.459594],[-122.22572,37.459542],[-122.225777,37.459491],[-122.225841,37.459435],[-122.225986,37.459539],[-122.225994,37.459546],[-122.226,37.459555],[-122.226004,37.459564],[-122.226006,37.459574],[-122.226116,37.459754],[-122.225718,37.460486],[-122.22566,37.460587],[-122.22563,37.460642],[-122.225607,37.460686],[-122.225584,37.460731],[-122.225563,37.460776],[-122.225543,37.460821],[-122.225523,37.460867],[-122.225506,37.460912],[-122.225489,37.460958],[-122.225473,37.461005],[-122.225457,37.461051],[-122.225435,37.461131],[-122.225403,37.461244],[-122.225274,37.461801],[-122.225184,37.462189],[-122.225078,37.462634],[-122.225066,37.462688],[-122.224911,37.463361],[-122.224834,37.463687],[-122.224686,37.464348],[-122.224657,37.464472],[-122.224593,37.464753],[-122.224526,37.465052],[-122.22434,37.465869],[-122.22429,37.466085],[-122.224167,37.466501],[-122.224127,37.466667],[-122.224102,37.466765],[-122.224074,37.46689],[-122.224007,37.467188],[-122.223927,37.467539],[-122.223905,37.467638],[-122.22381,37.468141],[-122.223752,37.468448],[-122.223634,37.468967],[-122.223553,37.469306],[-122.223516,37.469457],[-122.22348,37.469609],[-122.223372,37.470082],[-122.22333,37.470267],[-122.22331,37.470352],[-122.223299,37.470402],[-122.22305,37.471492],[-122.223048,37.471502],[-122.223012,37.471626],[-122.222887,37.472061],[-122.222761,37.472496],[-122.222625,37.473086],[-122.222451,37.473833],[-122.222318,37.474401],[-122.222196,37.474886],[-122.222176,37.474968],[-122.221807,37.476454],[-122.221641,37.477118],[-122.221556,37.47724],[-122.221294,37.47762],[-122.220959,37.478107],[-122.220957,37.478109],[-122.220874,37.478227],[-122.220754,37.478412],[-122.220639,37.478591],[-122.220508,37.478795],[-122.220226,37.478615],[-122.220057,37.478508],[-122.219546,37.478177],[-122.219444,37.478111],[-122.218849,37.477726],[-122.218679,37.477613],[-122.21825,37.477337],[-122.217821,37.477061],[-122.217714,37.477005],[-122.217301,37.476744],[-122.21725,37.476711],[-122.217158,37.476653],[-122.217077,37.476602],[-122.216258,37.476086],[-122.216209,37.476055],[-122.215537,37.47563],[-122.215188,37.475409],[-122.215202,37.475388],[-122.215219,37.475363],[-122.215354,37.475168]]]}},{"type":"Feature","properties":{"NB_Area":"PALM"},"geometry":{"type":"Polygon","coordinates":[[[-122.225718,37.460486],[-122.226116,37.459754],[-122.226285,37.459813],[-122.227252,37.460504],[-122.227832,37.460919],[-122.227911,37.46094],[-122.228088,37.461068],[-122.228549,37.461399],[-122.228863,37.461625],[-122.229206,37.461872],[-122.229343,37.461969],[-122.229551,37.462119],[-122.229662,37.462195],[-122.22984,37.462318],[-122.23018,37.462552],[-122.230382,37.462695],[-122.230496,37.46278],[-122.230923,37.463099],[-122.231195,37.463297],[-122.231309,37.463386],[-122.231406,37.463464],[-122.231684,37.46366],[-122.231817,37.463747],[-122.23212,37.463964],[-122.232269,37.46407],[-122.232401,37.464164],[-122.232548,37.464277],[-122.232874,37.464511],[-122.233016,37.464606],[-122.233352,37.464833],[-122.233474,37.464921],[-122.23375,37.465118],[-122.233895,37.465222],[-122.234093,37.465363],[-122.234104,37.465378],[-122.234113,37.465389],[-122.23412,37.4654],[-122.234127,37.46541],[-122.234134,37.465421],[-122.234141,37.465432],[-122.234143,37.465454],[-122.234147,37.465476],[-122.234151,37.465497],[-122.234155,37.465518],[-122.234159,37.465539],[-122.23323,37.466277],[-122.233285,37.466321],[-122.233218,37.466374],[-122.233202,37.466387],[-122.232906,37.466621],[-122.232904,37.466623],[-122.232593,37.466869],[-122.232531,37.466918],[-122.232651,37.467014],[-122.232883,37.467201],[-122.233366,37.46759],[-122.233524,37.467717],[-122.233766,37.467913],[-122.233756,37.46792],[-122.233687,37.46797],[-122.233326,37.468228],[-122.233231,37.468296],[-122.233105,37.46839],[-122.232902,37.468536],[-122.232888,37.468546],[-122.232834,37.468586],[-122.23217,37.46906],[-122.231685,37.469408],[-122.231561,37.469498],[-122.231371,37.469634],[-122.231309,37.469679],[-122.231159,37.469769],[-122.231008,37.469879],[-122.23089,37.469964],[-122.230741,37.470087],[-122.230666,37.470144],[-122.23058,37.470211],[-122.230451,37.470313],[-122.230237,37.470483],[-122.230147,37.470555],[-122.230116,37.470579],[-122.230005,37.470666],[-122.229829,37.470802],[-122.229705,37.4709],[-122.229599,37.470985],[-122.229411,37.471133],[-122.229235,37.471272],[-122.229052,37.471417],[-122.228964,37.471489],[-122.228959,37.471493],[-122.228859,37.471573],[-122.228614,37.47177],[-122.228003,37.472255],[-122.227756,37.472451],[-122.227688,37.472504],[-122.227563,37.472604],[-122.226854,37.473168],[-122.226702,37.473288],[-122.225692,37.474092],[-122.225514,37.474233],[-122.225162,37.474514],[-122.225038,37.474611],[-122.224879,37.474738],[-122.224666,37.474908],[-122.224148,37.475319],[-122.224042,37.475403],[-122.223316,37.475977],[-122.223215,37.476057],[-122.222283,37.476797],[-122.222047,37.476626],[-122.221807,37.476454],[-122.222176,37.474968],[-122.222196,37.474886],[-122.222318,37.474401],[-122.222451,37.473833],[-122.222625,37.473086],[-122.222761,37.472496],[-122.222887,37.472061],[-122.223012,37.471626],[-122.223048,37.471502],[-122.22305,37.471492],[-122.223299,37.470402],[-122.22331,37.470352],[-122.22333,37.470267],[-122.223372,37.470082],[-122.22348,37.469609],[-122.223516,37.469457],[-122.223553,37.469306],[-122.223634,37.468967],[-122.223752,37.468448],[-122.22381,37.468141],[-122.223905,37.467638],[-122.223927,37.467539],[-122.224007,37.467188],[-122.224074,37.46689],[-122.224102,37.466765],[-122.224127,37.466667],[-122.224167,37.466501],[-122.22429,37.466085],[-122.22434,37.465869],[-122.224526,37.465052],[-122.224593,37.464753],[-122.224657,37.464472],[-122.224686,37.464348],[-122.224834,37.463687],[-122.224911,37.463361],[-122.225066,37.462688],[-122.225078,37.462634],[-122.225184,37.462189],[-122.225274,37.461801],[-122.225403,37.461244],[-122.225435,37.461131],[-122.225457,37.461051],[-122.225473,37.461005],[-122.225489,37.460958],[-122.225506,37.460912],[-122.225523,37.460867],[-122.225543,37.460821],[-122.225563,37.460776],[-122.225584,37.460731],[-122.225607,37.460686],[-122.22563,37.460642],[-122.22566,37.460587],[-122.225718,37.460486]]]}},{"type":"Feature","properties":{"NB_Area":"FRIENDLY ACRES"},"geometry":{"type":"Polygon","coordinates":[[[-122.206231,37.489472],[-122.206277,37.48927],[-122.206504,37.489297],[-122.20654,37.489308],[-122.206594,37.489031],[-122.206372,37.489003],[-122.202001,37.488471],[-122.199667,37.488186],[-122.199614,37.488458],[-122.198659,37.488342],[-122.198197,37.488287],[-122.196967,37.488269],[-122.196912,37.488268],[-122.192716,37.488209],[-122.192775,37.487908],[-122.192793,37.487812],[-122.193056,37.486406],[-122.192954,37.486393],[-122.192978,37.486272],[-122.192746,37.486243],[-122.191582,37.486098],[-122.191445,37.486081],[-122.191275,37.48606],[-122.191105,37.486039],[-122.190935,37.486017],[-122.190764,37.485996],[-122.190594,37.485975],[-122.190424,37.485954],[-122.190254,37.485932],[-122.190083,37.485911],[-122.189957,37.485895],[-122.189667,37.485846],[-122.189652,37.485925],[-122.189641,37.48598],[-122.18955,37.48644],[-122.189544,37.486461],[-122.189534,37.486481],[-122.189519,37.4865],[-122.189502,37.486516],[-122.189481,37.48653],[-122.189458,37.486542],[-122.189433,37.48655],[-122.189406,37.486555],[-122.189379,37.486556],[-122.189352,37.486555],[-122.188889,37.486492],[-122.18855,37.486443],[-122.188211,37.486392],[-122.187873,37.486337],[-122.187536,37.486281],[-122.187199,37.486221],[-122.186864,37.48616],[-122.186529,37.486095],[-122.186194,37.486028],[-122.185861,37.485959],[-122.185528,37.485886],[-122.185197,37.485812],[-122.184866,37.485735],[-122.184536,37.485655],[-122.184207,37.485573],[-122.183879,37.485488],[-122.183553,37.485401],[-122.183227,37.485311],[-122.182902,37.485219],[-122.182613,37.485134],[-122.182324,37.485048],[-122.182256,37.485027],[-122.182286,37.484974],[-122.182569,37.484475],[-122.182597,37.484425],[-122.182639,37.484352],[-122.183091,37.483503],[-122.182814,37.483418],[-122.182727,37.483572],[-122.182668,37.483513],[-122.182637,37.483478],[-122.182608,37.483443],[-122.18258,37.483403],[-122.182553,37.483363],[-122.182536,37.483333],[-122.182501,37.483264],[-122.18247,37.483185],[-122.182448,37.483105],[-122.182435,37.483024],[-122.18243,37.482942],[-122.182434,37.48286],[-122.182447,37.482778],[-122.182468,37.482698],[-122.182498,37.482619],[-122.182536,37.482543],[-122.182582,37.482469],[-122.182635,37.482399],[-122.182696,37.482333],[-122.182764,37.482271],[-122.182838,37.482214],[-122.183453,37.481777],[-122.183493,37.48222],[-122.18376,37.482323],[-122.183831,37.482198],[-122.183906,37.482067],[-122.183973,37.481948],[-122.18398,37.481935],[-122.184055,37.481804],[-122.184129,37.481672],[-122.184214,37.481522],[-122.184285,37.481397],[-122.184363,37.481259],[-122.184442,37.48112],[-122.184531,37.480962],[-122.184597,37.480847],[-122.184597,37.480847],[-122.184602,37.480839],[-122.18474,37.480596],[-122.184744,37.480587],[-122.184883,37.480341],[-122.184968,37.480191],[-122.185053,37.480041],[-122.185081,37.479991],[-122.185181,37.479815],[-122.18525,37.479693],[-122.18532,37.47957],[-122.185394,37.47944],[-122.185472,37.479302],[-122.18555,37.479165],[-122.185634,37.479016],[-122.185667,37.478958],[-122.185672,37.478951],[-122.185672,37.47895],[-122.185879,37.4786],[-122.18605,37.478299],[-122.186115,37.478183],[-122.186992,37.478122],[-122.18721,37.478107],[-122.187781,37.478067],[-122.18872,37.478001],[-122.188794,37.477996],[-122.189077,37.477974],[-122.19036,37.478482],[-122.192296,37.479214],[-122.195659,37.480472],[-122.1985,37.481575],[-122.198601,37.481422],[-122.198763,37.481163],[-122.199466,37.48004],[-122.19947,37.480032],[-122.199473,37.480023],[-122.199474,37.480015],[-122.199473,37.480006],[-122.199575,37.479823],[-122.199586,37.47982],[-122.199597,37.479815],[-122.199606,37.479809],[-122.199614,37.479802],[-122.19962,37.479794],[-122.19982,37.479474],[-122.200035,37.479559],[-122.200037,37.479559],[-122.200408,37.479705],[-122.200779,37.479851],[-122.200964,37.479923],[-122.201335,37.480069],[-122.201706,37.480215],[-122.201884,37.480284],[-122.201892,37.480287],[-122.202263,37.480433],[-122.202277,37.480438],[-122.202462,37.480511],[-122.202617,37.480572],[-122.202792,37.480661],[-122.202572,37.481014],[-122.202482,37.481161],[-122.202073,37.481815],[-122.201892,37.482103],[-122.201757,37.482318],[-122.202298,37.482533],[-122.2021,37.482822],[-122.202037,37.482917],[-122.203141,37.483168],[-122.20484,37.483546],[-122.206502,37.483926],[-122.208238,37.48432],[-122.209114,37.484524],[-122.210671,37.484779],[-122.211031,37.484841],[-122.211095,37.484745],[-122.211332,37.484403],[-122.211181,37.484337],[-122.210729,37.484138],[-122.210812,37.484018],[-122.211264,37.484217],[-122.211415,37.484283],[-122.211582,37.484043],[-122.211749,37.483802],[-122.212201,37.484002],[-122.212654,37.484201],[-122.21232,37.484682],[-122.212094,37.484582],[-122.211868,37.484482],[-122.211642,37.484383],[-122.21136,37.484789],[-122.211296,37.484888],[-122.2115,37.484922],[-122.211916,37.484992],[-122.212276,37.485053],[-122.212919,37.485161],[-122.213095,37.485185],[-122.213243,37.485205],[-122.213519,37.48524],[-122.213442,37.485352],[-122.213613,37.485373],[-122.214271,37.485457],[-122.21432,37.48548],[-122.214332,37.48549],[-122.214541,37.485527],[-122.214489,37.485675],[-122.214464,37.485753],[-122.21444,37.485832],[-122.214419,37.485911],[-122.214398,37.48599],[-122.214329,37.486256],[-122.214288,37.486445],[-122.21424,37.486668],[-122.214159,37.487041],[-122.214093,37.487344],[-122.214024,37.487668],[-122.213999,37.487755],[-122.213959,37.487869],[-122.213916,37.487976],[-122.213889,37.488043],[-122.213851,37.488108],[-122.213793,37.488188],[-122.213739,37.488257],[-122.213659,37.488322],[-122.213545,37.48842],[-122.21342,37.488512],[-122.213382,37.488545],[-122.213343,37.488578],[-122.213302,37.488611],[-122.213261,37.488643],[-122.212929,37.488881],[-122.212765,37.489],[-122.212512,37.489182],[-122.212483,37.489202],[-122.212459,37.489219],[-122.212437,37.489236],[-122.212415,37.489254],[-122.212393,37.489271],[-122.212371,37.489289],[-122.212351,37.489308],[-122.212331,37.489326],[-122.212311,37.489345],[-122.21229,37.489365],[-122.212272,37.489384],[-122.212252,37.489404],[-122.212233,37.489424],[-122.212216,37.489444],[-122.212198,37.489465],[-122.212181,37.489486],[-122.212164,37.489506],[-122.212148,37.489528],[-122.212133,37.489549],[-122.212116,37.489571],[-122.212103,37.489592],[-122.212088,37.489615],[-122.212074,37.489637],[-122.212061,37.489659],[-122.212048,37.489682],[-122.212034,37.489705],[-122.212023,37.489728],[-122.212011,37.489751],[-122.212002,37.489774],[-122.21199,37.489798],[-122.21198,37.489822],[-122.211972,37.489845],[-122.211962,37.489869],[-122.211954,37.489893],[-122.211946,37.489917],[-122.21194,37.489941],[-122.211932,37.489965],[-122.211921,37.490017],[-122.211916,37.490047],[-122.21191,37.490077],[-122.211906,37.490107],[-122.211901,37.490143],[-122.211899,37.490173],[-122.211898,37.490203],[-122.211895,37.490233],[-122.211896,37.490263],[-122.211895,37.490294],[-122.211895,37.490323],[-122.211896,37.490354],[-122.211898,37.490384],[-122.211901,37.490414],[-122.211903,37.490444],[-122.211907,37.490474],[-122.211911,37.490504],[-122.211917,37.490534],[-122.211923,37.490563],[-122.211929,37.490593],[-122.211937,37.490623],[-122.211944,37.490652],[-122.211952,37.490682],[-122.211961,37.490711],[-122.21197,37.49074],[-122.211981,37.490769],[-122.212051,37.491181],[-122.212178,37.491779],[-122.21234,37.491988],[-122.212326,37.491987],[-122.212286,37.491984],[-122.212248,37.491977],[-122.21221,37.491966],[-122.212169,37.491949],[-122.212132,37.491928],[-122.212099,37.491902],[-122.212072,37.491872],[-122.21205,37.491839],[-122.211767,37.491738],[-122.211417,37.491409],[-122.210253,37.490994],[-122.21028,37.490949],[-122.206333,37.489527],[-122.206222,37.489514],[-122.206231,37.489472]]]}},{"type":"Feature","properties":{"NB_Area":"EDGEWOOD PARK"},"geometry":{"type":"Polygon","coordinates":[[[-122.24369,37.493126],[-122.243486,37.492959],[-122.242845,37.492442],[-122.242597,37.492242],[-122.242504,37.492168],[-122.242448,37.492124],[-122.24239,37.492081],[-122.24233,37.492039],[-122.242271,37.491997],[-122.24221,37.491957],[-122.242148,37.491917],[-122.241896,37.491758],[-122.241725,37.49165],[-122.240986,37.49122],[-122.240845,37.491169],[-122.240615,37.491084],[-122.2405,37.49101],[-122.240439,37.490969],[-122.240377,37.490926],[-122.240318,37.490883],[-122.240258,37.490838],[-122.2402,37.490793],[-122.240142,37.490747],[-122.240086,37.490701],[-122.240031,37.490653],[-122.239977,37.490605],[-122.239924,37.490556],[-122.239774,37.490427],[-122.240722,37.489667],[-122.2415,37.489042],[-122.242275,37.488421],[-122.243043,37.487803],[-122.243052,37.487797],[-122.243439,37.487484],[-122.243827,37.487171],[-122.244097,37.486952],[-122.244605,37.486547],[-122.245009,37.486224],[-122.245392,37.485931],[-122.246188,37.485322],[-122.246399,37.48516],[-122.246652,37.484966],[-122.246982,37.484711],[-122.247698,37.484159],[-122.247772,37.484102],[-122.24817,37.483795],[-122.24849,37.483545],[-122.248564,37.483486],[-122.248637,37.483428],[-122.248832,37.483274],[-122.249345,37.482868],[-122.249353,37.482861],[-122.250126,37.482248],[-122.25091,37.481628],[-122.250916,37.481622],[-122.251713,37.480981],[-122.252449,37.480389],[-122.252587,37.480485],[-122.253806,37.481456],[-122.253821,37.481469],[-122.253903,37.481404],[-122.254087,37.481549],[-122.254241,37.481671],[-122.25425,37.481677],[-122.254261,37.481682],[-122.254272,37.481685],[-122.254454,37.481839],[-122.254461,37.481845],[-122.254615,37.481967],[-122.254799,37.482112],[-122.25502,37.482285],[-122.255045,37.482304],[-122.255044,37.482305],[-122.255247,37.482466],[-122.255455,37.48263],[-122.255591,37.482738],[-122.255609,37.48275],[-122.255629,37.482759],[-122.255651,37.482766],[-122.255674,37.48277],[-122.255698,37.482771],[-122.255721,37.48277],[-122.255744,37.482765],[-122.255765,37.482757],[-122.255785,37.482747],[-122.255802,37.482734],[-122.255815,37.482743],[-122.256065,37.482528],[-122.256053,37.482518],[-122.256203,37.482389],[-122.256374,37.482242],[-122.256445,37.482201],[-122.256707,37.481975],[-122.257028,37.481699],[-122.257075,37.481659],[-122.2571,37.481637],[-122.25722,37.481726],[-122.257588,37.482021],[-122.257956,37.482316],[-122.258192,37.482505],[-122.258462,37.482719],[-122.258477,37.482733],[-122.258486,37.482741],[-122.258557,37.482815],[-122.258657,37.482918],[-122.258694,37.483042],[-122.258737,37.483183],[-122.258694,37.483241],[-122.25848,37.483189],[-122.258436,37.483205],[-122.258125,37.483312],[-122.258025,37.483346],[-122.257861,37.483444],[-122.25785,37.483451],[-122.257774,37.483545],[-122.257718,37.483567],[-122.257522,37.483644],[-122.257465,37.483667],[-122.257406,37.48369],[-122.257326,37.483721],[-122.25715,37.483791],[-122.257138,37.483792],[-122.257014,37.483806],[-122.257139,37.483904],[-122.257165,37.483924],[-122.257209,37.483959],[-122.257362,37.484042],[-122.25751,37.484052],[-122.257841,37.484076],[-122.258086,37.484094],[-122.258155,37.484099],[-122.258401,37.484117],[-122.258607,37.484131],[-122.258812,37.484145],[-122.259018,37.484159],[-122.259224,37.484174],[-122.259348,37.484182],[-122.259348,37.48418],[-122.259363,37.48418],[-122.259377,37.484178],[-122.25939,37.484174],[-122.259593,37.48417],[-122.259685,37.483895],[-122.259738,37.483735],[-122.260073,37.483759],[-122.260429,37.483784],[-122.260437,37.483717],[-122.260695,37.483736],[-122.261051,37.483762],[-122.26112,37.483767],[-122.261099,37.483945],[-122.260739,37.483919],[-122.260699,37.484267],[-122.260991,37.484289],[-122.26106,37.484294],[-122.261268,37.484308],[-122.261277,37.484309],[-122.261286,37.484307],[-122.261295,37.484305],[-122.261502,37.484323],[-122.261512,37.484325],[-122.261522,37.484327],[-122.261776,37.484345],[-122.261781,37.484346],[-122.261824,37.483935],[-122.26203,37.483948],[-122.262057,37.48395],[-122.262236,37.483963],[-122.262291,37.483967],[-122.262277,37.484096],[-122.262248,37.484378],[-122.262338,37.484384],[-122.262323,37.484552],[-122.262293,37.484825],[-122.262279,37.484962],[-122.262261,37.485129],[-122.262257,37.485168],[-122.262255,37.485181],[-122.262241,37.485318],[-122.262232,37.485402],[-122.26223,37.485417],[-122.262226,37.485455],[-122.262211,37.485592],[-122.262208,37.485622],[-122.262199,37.485705],[-122.262197,37.485729],[-122.262185,37.485842],[-122.261944,37.485825],[-122.261921,37.486045],[-122.261887,37.486042],[-122.261737,37.486031],[-122.261612,37.486022],[-122.261329,37.486002],[-122.261312,37.486001],[-122.261336,37.485781],[-122.261199,37.485771],[-122.261181,37.485769],[-122.260774,37.48574],[-122.260693,37.485734],[-122.260521,37.485722],[-122.26035,37.485709],[-122.260347,37.485739],[-122.260332,37.485876],[-122.260303,37.486149],[-122.260072,37.486133],[-122.259841,37.486116],[-122.259637,37.486093],[-122.259515,37.485995],[-122.258513,37.485189],[-122.257145,37.484107],[-122.256799,37.483834],[-122.256729,37.483897],[-122.256583,37.483959],[-122.256388,37.484042],[-122.256224,37.484024],[-122.256133,37.484015],[-122.256016,37.484284],[-122.255708,37.484084],[-122.25554,37.484137],[-122.255475,37.484157],[-122.255379,37.484188],[-122.255315,37.484208],[-122.255251,37.484228],[-122.255155,37.484259],[-122.254982,37.484313],[-122.254812,37.484367],[-122.254778,37.484393],[-122.254695,37.484455],[-122.254612,37.484517],[-122.254508,37.484643],[-122.254448,37.484716],[-122.254374,37.484715],[-122.254127,37.484708],[-122.254116,37.484708],[-122.253955,37.484776],[-122.253782,37.484849],[-122.253736,37.484868],[-122.253723,37.48502],[-122.253808,37.485274],[-122.253733,37.485375],[-122.253719,37.485394],[-122.253601,37.485551],[-122.253451,37.485752],[-122.253452,37.485758],[-122.253463,37.485905],[-122.253465,37.485933],[-122.2534,37.486033],[-122.253336,37.486131],[-122.253256,37.486253],[-122.253206,37.486328],[-122.253158,37.486402],[-122.25306,37.486456],[-122.252874,37.486558],[-122.252813,37.486573],[-122.252632,37.486615],[-122.252448,37.486657],[-122.252263,37.4867],[-122.252135,37.48673],[-122.252031,37.486848],[-122.251937,37.486954],[-122.25183,37.486929],[-122.251735,37.486906],[-122.251661,37.486888],[-122.251612,37.486876],[-122.251479,37.486913],[-122.251322,37.486958],[-122.251295,37.486948],[-122.251134,37.48689],[-122.25094,37.486821],[-122.250884,37.486819],[-122.250542,37.486808],[-122.250293,37.486885],[-122.250225,37.486922],[-122.249977,37.487058],[-122.249859,37.487233],[-122.249839,37.487264],[-122.249787,37.487342],[-122.249768,37.487362],[-122.249684,37.487454],[-122.249574,37.487575],[-122.249484,37.487673],[-122.249464,37.487695],[-122.249403,37.487762],[-122.249354,37.487816],[-122.249315,37.487858],[-122.249321,37.487901],[-122.249331,37.487982],[-122.249343,37.488079],[-122.249345,37.488093],[-122.249244,37.488146],[-122.249123,37.488209],[-122.249071,37.488265],[-122.24902,37.488319],[-122.248936,37.488409],[-122.248921,37.488431],[-122.248904,37.488503],[-122.248882,37.488595],[-122.248884,37.488698],[-122.248885,37.488777],[-122.248886,37.488865],[-122.248885,37.488869],[-122.248853,37.488937],[-122.248816,37.489015],[-122.2488,37.48905],[-122.24878,37.489093],[-122.248733,37.489147],[-122.248714,37.48917],[-122.248655,37.489238],[-122.248616,37.489283],[-122.248572,37.489335],[-122.248519,37.489396],[-122.248499,37.489419],[-122.248421,37.48951],[-122.248358,37.489584],[-122.248313,37.489592],[-122.248259,37.489603],[-122.248054,37.489643],[-122.248005,37.489662],[-122.247836,37.489726],[-122.247828,37.489737],[-122.247731,37.489851],[-122.247629,37.489967],[-122.247564,37.490044],[-122.247562,37.490047],[-122.247561,37.49005],[-122.247559,37.490054],[-122.247558,37.490058],[-122.247557,37.490061],[-122.247554,37.49007],[-122.247552,37.490075],[-122.247552,37.490077],[-122.247552,37.490081],[-122.247553,37.490086],[-122.247553,37.490094],[-122.247559,37.49012],[-122.247561,37.490126],[-122.247562,37.49013],[-122.247567,37.490139],[-122.247576,37.490155],[-122.24759,37.490175],[-122.247597,37.490189],[-122.247599,37.490192],[-122.247607,37.490205],[-122.247613,37.490214],[-122.247626,37.490232],[-122.247627,37.490233],[-122.247638,37.490252],[-122.247643,37.490264],[-122.247643,37.490265],[-122.247644,37.490269],[-122.247649,37.490283],[-122.247652,37.490289],[-122.247657,37.490298],[-122.24766,37.490303],[-122.247661,37.490306],[-122.247662,37.490307],[-122.247662,37.490309],[-122.247663,37.49031],[-122.247663,37.490311],[-122.247663,37.490312],[-122.247663,37.490314],[-122.247662,37.490319],[-122.247661,37.490321],[-122.247661,37.490322],[-122.247661,37.490323],[-122.247659,37.490325],[-122.247654,37.490333],[-122.247647,37.490342],[-122.247642,37.490351],[-122.247633,37.490365],[-122.247628,37.490373],[-122.247625,37.490376],[-122.247618,37.490384],[-122.247611,37.490395],[-122.247607,37.490399],[-122.247595,37.490412],[-122.24759,37.490418],[-122.247588,37.49042],[-122.247587,37.490421],[-122.247586,37.490422],[-122.247585,37.490423],[-122.247582,37.490426],[-122.247579,37.490428],[-122.247577,37.490429],[-122.247571,37.490434],[-122.247567,37.490437],[-122.247565,37.490439],[-122.247564,37.49044],[-122.247558,37.490446],[-122.247553,37.490454],[-122.247551,37.490456],[-122.24754,37.490471],[-122.247538,37.490474],[-122.247536,37.490477],[-122.247531,37.490483],[-122.247528,37.490488],[-122.247522,37.490498],[-122.24752,37.490503],[-122.247518,37.490506],[-122.247517,37.490506],[-122.247514,37.490511],[-122.247513,37.490513],[-122.247509,37.490519],[-122.247506,37.490523],[-122.247499,37.490534],[-122.247494,37.49054],[-122.24749,37.490545],[-122.247489,37.490546],[-122.247487,37.490549],[-122.247486,37.49055],[-122.247485,37.490552],[-122.247483,37.490554],[-122.24748,37.490557],[-122.247477,37.490559],[-122.247471,37.490566],[-122.247469,37.490569],[-122.247468,37.490571],[-122.247468,37.490571],[-122.247466,37.490576],[-122.247464,37.490581],[-122.247463,37.490582],[-122.247463,37.490582],[-122.247463,37.490585],[-122.247463,37.490585],[-122.247463,37.490587],[-122.247464,37.490594],[-122.247464,37.490596],[-122.24747,37.49061],[-122.247484,37.490633],[-122.247489,37.490647],[-122.247491,37.490653],[-122.247493,37.490658],[-122.247494,37.490665],[-122.247494,37.490667],[-122.247494,37.490669],[-122.247494,37.490675],[-122.247494,37.490681],[-122.247494,37.490685],[-122.247493,37.490692],[-122.247493,37.490697],[-122.247493,37.490698],[-122.247492,37.490703],[-122.247491,37.49071],[-122.247491,37.490712],[-122.24749,37.490714],[-122.247489,37.490717],[-122.247489,37.490718],[-122.247488,37.490721],[-122.247487,37.490722],[-122.247485,37.490726],[-122.247484,37.490726],[-122.247484,37.490727],[-122.247483,37.490727],[-122.247482,37.490729],[-122.24748,37.49073],[-122.247475,37.490735],[-122.247471,37.490738],[-122.247451,37.490755],[-122.247445,37.49076],[-122.247442,37.490762],[-122.247425,37.490773],[-122.247413,37.49078],[-122.247411,37.490781],[-122.247408,37.490783],[-122.247404,37.490786],[-122.247398,37.490791],[-122.24739,37.490797],[-122.247384,37.490803],[-122.247377,37.49081],[-122.247368,37.490817],[-122.247355,37.490827],[-122.247441,37.490877],[-122.24739,37.490921],[-122.247379,37.490952],[-122.247338,37.491066],[-122.247327,37.491096],[-122.247293,37.491131],[-122.247261,37.491164],[-122.247188,37.49124],[-122.24713,37.491206],[-122.247067,37.491246],[-122.246907,37.491331],[-122.246676,37.491452],[-122.246517,37.49153],[-122.246358,37.491607],[-122.24643,37.491649],[-122.246346,37.491693],[-122.246203,37.491769],[-122.246124,37.491811],[-122.246041,37.491763],[-122.246032,37.491773],[-122.246031,37.491775],[-122.246026,37.491778],[-122.246021,37.491782],[-122.246015,37.491785],[-122.246006,37.491792],[-122.246004,37.491793],[-122.246002,37.491794],[-122.245992,37.491799],[-122.245989,37.4918],[-122.245982,37.491803],[-122.245981,37.491803],[-122.245977,37.491806],[-122.24597,37.49181],[-122.245966,37.491812],[-122.245964,37.491814],[-122.245961,37.491817],[-122.245959,37.491818],[-122.245958,37.491818],[-122.245958,37.491819],[-122.245956,37.491821],[-122.245955,37.491823],[-122.245955,37.491823],[-122.245954,37.491825],[-122.245954,37.491825],[-122.245953,37.491827],[-122.245952,37.491828],[-122.24595,37.491831],[-122.245949,37.491832],[-122.245945,37.491836],[-122.245942,37.491838],[-122.245938,37.491841],[-122.245936,37.491843],[-122.245934,37.491844],[-122.245934,37.491844],[-122.245933,37.491845],[-122.245931,37.491846],[-122.245926,37.491849],[-122.245918,37.491853],[-122.245914,37.491855],[-122.245912,37.491855],[-122.245904,37.491859],[-122.245889,37.491865],[-122.245885,37.491866],[-122.245876,37.491869],[-122.245869,37.491871],[-122.245865,37.491872],[-122.245852,37.491877],[-122.245844,37.491881],[-122.24584,37.491883],[-122.245836,37.491884],[-122.245829,37.491887],[-122.245826,37.491888],[-122.245822,37.491889],[-122.245811,37.491891],[-122.245805,37.491892],[-122.2458,37.491894],[-122.245792,37.491895],[-122.245773,37.491898],[-122.24576,37.4919],[-122.245748,37.491903],[-122.245747,37.491904],[-122.245744,37.491905],[-122.245735,37.491908],[-122.245733,37.491909],[-122.245731,37.49191],[-122.245728,37.491911],[-122.245727,37.491912],[-122.245725,37.491913],[-122.245725,37.491913],[-122.245724,37.491914],[-122.245723,37.491914],[-122.245723,37.491915],[-122.245721,37.491917],[-122.245721,37.491917],[-122.24572,37.491918],[-122.245719,37.491919],[-122.245719,37.491919],[-122.245719,37.49192],[-122.245719,37.49192],[-122.245718,37.491921],[-122.245718,37.491921],[-122.245716,37.491925],[-122.245713,37.491932],[-122.245713,37.491933],[-122.245712,37.491936],[-122.245711,37.491939],[-122.24571,37.491941],[-122.245695,37.491995],[-122.245693,37.492001],[-122.24569,37.492011],[-122.245685,37.492026],[-122.245682,37.492034],[-122.245678,37.492044],[-122.245677,37.492049],[-122.245674,37.492057],[-122.245672,37.492061],[-122.245671,37.492063],[-122.245669,37.492081],[-122.245662,37.492105],[-122.245663,37.492124],[-122.245656,37.492137],[-122.245652,37.492155],[-122.245652,37.492171],[-122.245649,37.492189],[-122.245641,37.4922],[-122.245638,37.492211],[-122.245634,37.492222],[-122.245624,37.492239],[-122.245614,37.492256],[-122.245608,37.492266],[-122.245597,37.492273],[-122.245586,37.492287],[-122.245575,37.492297],[-122.245566,37.492305],[-122.245562,37.492316],[-122.245638,37.492358],[-122.245574,37.492416],[-122.245519,37.492466],[-122.245468,37.492513],[-122.245463,37.492525],[-122.245407,37.492656],[-122.24539,37.492697],[-122.245361,37.492763],[-122.245344,37.492803],[-122.245313,37.492876],[-122.245265,37.49293],[-122.245262,37.492933],[-122.245211,37.492991],[-122.245208,37.492994],[-122.245134,37.493026],[-122.245077,37.493051],[-122.244987,37.493001],[-122.244982,37.493003],[-122.244976,37.493005],[-122.244972,37.493006],[-122.244968,37.493008],[-122.244964,37.493009],[-122.244954,37.493011],[-122.244937,37.493014],[-122.244932,37.493015],[-122.244884,37.493025],[-122.244857,37.493029],[-122.244845,37.49303],[-122.244817,37.493031],[-122.244807,37.493032],[-122.244793,37.493034],[-122.244786,37.493035],[-122.244781,37.493037],[-122.244778,37.493037],[-122.244772,37.493039],[-122.244759,37.493043],[-122.244718,37.493046],[-122.244702,37.493047],[-122.244672,37.493048],[-122.244629,37.49305],[-122.244615,37.49305],[-122.244602,37.49305],[-122.244579,37.493051],[-122.244559,37.493052],[-122.244545,37.493052],[-122.244533,37.493053],[-122.244524,37.493053],[-122.24452,37.493053],[-122.244517,37.493054],[-122.244512,37.493054],[-122.244503,37.493056],[-122.244503,37.493056],[-122.244502,37.493056],[-122.244498,37.493057],[-122.244496,37.493058],[-122.244495,37.493059],[-122.244489,37.493062],[-122.244488,37.493062],[-122.244488,37.493063],[-122.244487,37.493063],[-122.244486,37.493063],[-122.244486,37.493063],[-122.244477,37.493065],[-122.244475,37.493066],[-122.244473,37.493066],[-122.244472,37.493067],[-122.24447,37.493067],[-122.244462,37.49307],[-122.244457,37.493072],[-122.244456,37.493073],[-122.244456,37.493073],[-122.244451,37.493074],[-122.244447,37.493076],[-122.244442,37.493078],[-122.244436,37.49308],[-122.244428,37.493084],[-122.244421,37.493087],[-122.244404,37.493093],[-122.244392,37.493099],[-122.244381,37.493104],[-122.244365,37.493111],[-122.244359,37.493114],[-122.244351,37.493118],[-122.244346,37.49312],[-122.244342,37.493122],[-122.244341,37.493123],[-122.244336,37.493126],[-122.244335,37.493127],[-122.244332,37.493129],[-122.244331,37.49313],[-122.244327,37.493133],[-122.244327,37.493133],[-122.244326,37.493134],[-122.244326,37.493135],[-122.244323,37.493138],[-122.244323,37.493139],[-122.244322,37.49314],[-122.244322,37.493141],[-122.244321,37.493143],[-122.244321,37.493144],[-122.244319,37.49315],[-122.244319,37.493151],[-122.244318,37.493154],[-122.244317,37.493164],[-122.244316,37.493167],[-122.244316,37.49317],[-122.244316,37.493172],[-122.244315,37.493186],[-122.244313,37.493205],[-122.244312,37.493213],[-122.244311,37.493215],[-122.244308,37.493232],[-122.244307,37.493236],[-122.244304,37.493248],[-122.2443,37.493255],[-122.244296,37.493265],[-122.244296,37.493268],[-122.244294,37.493278],[-122.244293,37.493281],[-122.244293,37.493284],[-122.244293,37.493287],[-122.244294,37.493288],[-122.244294,37.493292],[-122.244296,37.493296],[-122.244299,37.493305],[-122.244305,37.493324],[-122.244313,37.49334],[-122.244324,37.493363],[-122.244327,37.493371],[-122.244333,37.493382],[-122.244337,37.493389],[-122.244337,37.493389],[-122.244371,37.493495],[-122.244266,37.4936],[-122.24369,37.493126]]]}},{"type":"Feature","properties":{"NB_Area":"MT. CARMEL"},"geometry":{"type":"Polygon","coordinates":[[[-122.23682,37.486558],[-122.236307,37.486137],[-122.234931,37.486204],[-122.23467,37.485956],[-122.234199,37.485543],[-122.233771,37.485169],[-122.233004,37.484511],[-122.233321,37.48426],[-122.233251,37.484204],[-122.233105,37.484088],[-122.233056,37.484049],[-122.232959,37.483971],[-122.232813,37.483854],[-122.232684,37.483752],[-122.232689,37.483747],[-122.232639,37.483715],[-122.232672,37.483474],[-122.232685,37.483378],[-122.232522,37.483263],[-122.232037,37.482912],[-122.231973,37.482866],[-122.23248,37.482418],[-122.232031,37.482096],[-122.231583,37.481774],[-122.231763,37.481615],[-122.232744,37.480748],[-122.233737,37.479871],[-122.2339,37.479728],[-122.235053,37.478709],[-122.235126,37.478644],[-122.235249,37.478536],[-122.235516,37.4783],[-122.235632,37.478198],[-122.235671,37.478163],[-122.235919,37.477943],[-122.236141,37.477748],[-122.236412,37.47751],[-122.236833,37.477141],[-122.236951,37.477037],[-122.237083,37.476922],[-122.237155,37.476856],[-122.237307,37.476721],[-122.237424,37.476618],[-122.237512,37.476542],[-122.237635,37.476433],[-122.237692,37.476381],[-122.23775,37.476328],[-122.237805,37.476275],[-122.237841,37.476243],[-122.237875,37.476211],[-122.237942,37.476146],[-122.238009,37.47608],[-122.238132,37.475951],[-122.238184,37.475896],[-122.238236,37.47584],[-122.238289,37.475784],[-122.238341,37.475727],[-122.238394,37.475666],[-122.238448,37.475604],[-122.238453,37.475598],[-122.23853,37.475511],[-122.238611,37.475419],[-122.238653,37.47537],[-122.238693,37.475321],[-122.238889,37.47508],[-122.238986,37.474964],[-122.239086,37.474855],[-122.2392,37.474718],[-122.239235,37.474677],[-122.239307,37.474587],[-122.23945,37.474661],[-122.239843,37.474908],[-122.24036,37.475467],[-122.240641,37.475721],[-122.240657,37.475733],[-122.240845,37.475871],[-122.240911,37.47592],[-122.240976,37.475967],[-122.241114,37.476061],[-122.241244,37.476146],[-122.241384,37.476236],[-122.241596,37.476371],[-122.241792,37.476496],[-122.24201,37.476616],[-122.242565,37.47692],[-122.242893,37.477104],[-122.243094,37.477214],[-122.243307,37.477334],[-122.243623,37.477426],[-122.243893,37.477503],[-122.244204,37.477595],[-122.244371,37.477644],[-122.246202,37.47911],[-122.246225,37.479129],[-122.248243,37.480743],[-122.249694,37.481901],[-122.250126,37.482248],[-122.249353,37.482861],[-122.249345,37.482868],[-122.248832,37.483274],[-122.248637,37.483428],[-122.248564,37.483486],[-122.24849,37.483545],[-122.24817,37.483795],[-122.247772,37.484102],[-122.247698,37.484159],[-122.246982,37.484711],[-122.246652,37.484966],[-122.246399,37.48516],[-122.246188,37.485322],[-122.245392,37.485931],[-122.245009,37.486224],[-122.244605,37.486547],[-122.244097,37.486952],[-122.243827,37.487171],[-122.243439,37.487484],[-122.243052,37.487797],[-122.243043,37.487803],[-122.242275,37.488421],[-122.2415,37.489042],[-122.240722,37.489667],[-122.239774,37.490427],[-122.239438,37.490135],[-122.239201,37.489929],[-122.237994,37.488885],[-122.236033,37.487185],[-122.236589,37.486741],[-122.23682,37.486558]]]}},{"type":"Feature","properties":{"NB_Area":"EAGLE HILL"},"geometry":{"type":"Polygon","coordinates":[[[-122.24679,37.469921],[-122.247147,37.469788],[-122.247236,37.469887],[-122.247465,37.470071],[-122.247469,37.470074],[-122.248131,37.470589],[-122.248351,37.470765],[-122.248516,37.470897],[-122.248663,37.471015],[-122.248797,37.471122],[-122.249425,37.471625],[-122.249543,37.47172],[-122.24991,37.472012],[-122.250328,37.472348],[-122.250485,37.47264],[-122.250531,37.472787],[-122.250558,37.472873],[-122.250586,37.472969],[-122.250619,37.473081],[-122.250638,37.473143],[-122.25066,37.473205],[-122.250669,37.473232],[-122.250679,37.473259],[-122.250697,37.473324],[-122.250711,37.473374],[-122.250722,37.473424],[-122.250734,37.473475],[-122.250744,37.473525],[-122.250753,37.473576],[-122.25076,37.473627],[-122.25077,37.473701],[-122.250773,37.473747],[-122.250776,37.473794],[-122.250779,37.473841],[-122.25078,37.473888],[-122.250779,37.473934],[-122.250778,37.473981],[-122.250776,37.474028],[-122.250774,37.474075],[-122.25077,37.474121],[-122.250769,37.47418],[-122.250768,37.47422],[-122.250767,37.474234],[-122.250767,37.474247],[-122.250766,37.474259],[-122.250766,37.474272],[-122.250767,37.474285],[-122.250769,37.474298],[-122.250769,37.474311],[-122.250771,37.474324],[-122.250773,37.474336],[-122.250773,37.474349],[-122.250777,37.474362],[-122.250779,37.474374],[-122.250781,37.474387],[-122.250785,37.4744],[-122.250788,37.474412],[-122.25079,37.474425],[-122.250794,37.474437],[-122.2508,37.474449],[-122.250803,37.474462],[-122.250809,37.474474],[-122.250813,37.474486],[-122.250818,37.474498],[-122.250824,37.47451],[-122.250824,37.474511],[-122.250829,37.474522],[-122.250836,37.474534],[-122.250842,37.474546],[-122.250849,37.474558],[-122.250854,37.474569],[-122.250861,37.474581],[-122.250869,37.474592],[-122.250876,37.474604],[-122.250885,37.474615],[-122.250892,37.474626],[-122.250901,37.474637],[-122.250909,37.474648],[-122.250918,37.474659],[-122.250927,37.474669],[-122.250936,37.47468],[-122.251015,37.474756],[-122.251391,37.475051],[-122.251061,37.475309],[-122.250949,37.475397],[-122.250699,37.475595],[-122.250587,37.475684],[-122.250681,37.475771],[-122.250723,37.475821],[-122.250748,37.475853],[-122.250775,37.475886],[-122.2508,37.475919],[-122.250823,37.475952],[-122.250895,37.476067],[-122.250954,37.476162],[-122.250999,37.476241],[-122.251044,37.476321],[-122.251053,37.476346],[-122.25106,37.476362],[-122.251067,37.476378],[-122.251075,37.476394],[-122.251082,37.47641],[-122.251091,37.476425],[-122.2511,37.476441],[-122.251109,37.476457],[-122.251118,37.476472],[-122.251127,37.476487],[-122.251137,37.476502],[-122.251146,37.476517],[-122.251157,37.476532],[-122.251168,37.476547],[-122.25118,37.476561],[-122.251181,37.476616],[-122.251186,37.476671],[-122.251189,37.476726],[-122.251196,37.476781],[-122.251202,37.476836],[-122.251218,37.476934],[-122.251237,37.477133],[-122.251239,37.477177],[-122.251239,37.477221],[-122.251238,37.477274],[-122.251238,37.477282],[-122.251239,37.477289],[-122.251239,37.477297],[-122.251239,37.477305],[-122.251238,37.47732],[-122.251238,37.477339],[-122.251237,37.477358],[-122.251232,37.477448],[-122.251228,37.477553],[-122.251221,37.477701],[-122.251214,37.477842],[-122.251211,37.478019],[-122.251209,37.478069],[-122.251208,37.478119],[-122.25121,37.478192],[-122.251213,37.478245],[-122.25122,37.478348],[-122.251239,37.478486],[-122.251248,37.478549],[-122.251258,37.478612],[-122.251284,37.478768],[-122.251298,37.478847],[-122.251316,37.478899],[-122.251334,37.478951],[-122.251389,37.479161],[-122.251516,37.479336],[-122.251573,37.479435],[-122.251604,37.479486],[-122.251709,37.479646],[-122.251747,37.479697],[-122.251784,37.479745],[-122.251821,37.479793],[-122.251931,37.479922],[-122.251984,37.479979],[-122.252027,37.480024],[-122.252071,37.480069],[-122.252193,37.480197],[-122.252237,37.480236],[-122.252282,37.480274],[-122.252449,37.480389],[-122.251713,37.480981],[-122.250916,37.481622],[-122.25091,37.481628],[-122.250126,37.482248],[-122.249694,37.481901],[-122.248243,37.480743],[-122.246225,37.479129],[-122.246202,37.47911],[-122.244371,37.477644],[-122.244204,37.477595],[-122.243893,37.477503],[-122.243623,37.477426],[-122.243307,37.477334],[-122.243094,37.477214],[-122.242893,37.477104],[-122.242565,37.47692],[-122.24201,37.476616],[-122.241792,37.476496],[-122.241596,37.476371],[-122.241384,37.476236],[-122.241244,37.476146],[-122.241114,37.476061],[-122.240976,37.475967],[-122.240911,37.47592],[-122.240845,37.475871],[-122.240657,37.475733],[-122.240641,37.475721],[-122.24036,37.475467],[-122.239843,37.474908],[-122.23945,37.474661],[-122.239307,37.474587],[-122.23938,37.474498],[-122.239768,37.47399],[-122.240009,37.473672],[-122.240056,37.473612],[-122.240072,37.473592],[-122.240187,37.47345],[-122.240296,37.473265],[-122.240377,37.47313],[-122.240523,37.472885],[-122.240725,37.472531],[-122.240747,37.472492],[-122.240768,37.472452],[-122.24079,37.472424],[-122.240812,37.472397],[-122.240835,37.47237],[-122.240859,37.472343],[-122.240884,37.472314],[-122.240894,37.472302],[-122.240904,37.47229],[-122.240914,37.472278],[-122.240924,37.472266],[-122.240934,37.472254],[-122.240946,37.472243],[-122.240958,37.472231],[-122.240968,37.47222],[-122.24098,37.472209],[-122.240992,37.472198],[-122.241003,37.472188],[-122.241017,37.472177],[-122.241029,37.472167],[-122.241042,37.472156],[-122.241054,37.472147],[-122.241068,37.472137],[-122.241081,37.472127],[-122.241095,37.472117],[-122.241119,37.472102],[-122.241147,37.47208],[-122.241176,37.472057],[-122.241207,37.472035],[-122.241264,37.471995],[-122.241388,37.471929],[-122.241419,37.471913],[-122.241451,37.471895],[-122.241485,37.471876],[-122.24152,37.471859],[-122.241576,37.47183],[-122.241899,37.47171],[-122.242151,37.471618],[-122.242326,37.471553],[-122.242854,37.471357],[-122.243059,37.471282],[-122.243288,37.471197],[-122.243817,37.471003],[-122.244033,37.470925],[-122.244262,37.470843],[-122.244728,37.470675],[-122.244901,37.470612],[-122.245285,37.470469],[-122.245592,37.470353],[-122.245765,37.470293],[-122.246172,37.470145],[-122.246572,37.47],[-122.24679,37.469921]]]}},{"type":"Feature","properties":{"NB_Area":"REDWOOD VILLAGE"},"geometry":{"type":"Polygon","coordinates":[[[-122.211131,37.480135],[-122.212213,37.478579],[-122.212849,37.477656],[-122.212196,37.477213],[-122.212143,37.477174],[-122.212224,37.477084],[-122.212547,37.476773],[-122.212563,37.476758],[-122.21294,37.476805],[-122.213316,37.476858],[-122.21369,37.476917],[-122.214062,37.476982],[-122.213433,37.477884],[-122.213351,37.477996],[-122.214755,37.478925],[-122.214973,37.479069],[-122.215055,37.478952],[-122.216106,37.477451],[-122.216468,37.477553],[-122.216827,37.477661],[-122.217183,37.477774],[-122.217382,37.477509],[-122.217467,37.477387],[-122.217503,37.477335],[-122.217558,37.477256],[-122.217605,37.477188],[-122.217714,37.477005],[-122.217821,37.477061],[-122.21825,37.477337],[-122.218679,37.477613],[-122.218849,37.477726],[-122.219444,37.478111],[-122.219546,37.478177],[-122.220057,37.478508],[-122.220226,37.478615],[-122.220508,37.478795],[-122.220232,37.479225],[-122.219646,37.480189],[-122.219104,37.481078],[-122.218993,37.481259],[-122.218514,37.481939],[-122.21834,37.482184],[-122.21829,37.48226],[-122.217894,37.482805],[-122.217677,37.483106],[-122.217642,37.483146],[-122.217617,37.483173],[-122.217592,37.4832],[-122.217566,37.483226],[-122.217539,37.483252],[-122.217512,37.483278],[-122.217485,37.483303],[-122.217457,37.483328],[-122.217428,37.483352],[-122.217342,37.48342],[-122.217286,37.483461],[-122.217228,37.483502],[-122.21717,37.483542],[-122.217111,37.483581],[-122.217051,37.483619],[-122.216992,37.483657],[-122.216931,37.483694],[-122.216868,37.483729],[-122.216805,37.483764],[-122.216742,37.483798],[-122.216677,37.483832],[-122.216612,37.483864],[-122.216548,37.483895],[-122.216481,37.483926],[-122.216413,37.483955],[-122.216246,37.484034],[-122.215814,37.484274],[-122.21565,37.484363],[-122.215613,37.484384],[-122.215575,37.484405],[-122.215538,37.484428],[-122.215502,37.48445],[-122.215467,37.484473],[-122.215431,37.484497],[-122.215395,37.484521],[-122.215361,37.484546],[-122.215327,37.484571],[-122.215295,37.484597],[-122.215261,37.484623],[-122.215229,37.484649],[-122.215199,37.484676],[-122.215168,37.484703],[-122.215138,37.484731],[-122.215108,37.484759],[-122.215079,37.484788],[-122.21505,37.484817],[-122.215022,37.484846],[-122.214995,37.484876],[-122.214968,37.484906],[-122.214943,37.484937],[-122.214918,37.484967],[-122.214893,37.484999],[-122.214869,37.48503],[-122.214846,37.485062],[-122.214824,37.485095],[-122.214802,37.485127],[-122.214781,37.48516],[-122.214761,37.485193],[-122.214741,37.485226],[-122.214723,37.48526],[-122.214705,37.485294],[-122.214673,37.485356],[-122.214541,37.485527],[-122.214332,37.48549],[-122.21432,37.48548],[-122.214271,37.485457],[-122.213613,37.485373],[-122.213442,37.485352],[-122.213519,37.48524],[-122.213603,37.48512],[-122.213603,37.485113],[-122.213603,37.485107],[-122.213606,37.4851],[-122.213609,37.485094],[-122.214042,37.484469],[-122.214223,37.484209],[-122.214534,37.48376],[-122.214495,37.483668],[-122.212075,37.483157],[-122.210887,37.482909],[-122.210399,37.48281],[-122.209407,37.482606],[-122.211131,37.480135]]]}},{"type":"Feature","properties":{"NB_Area":"ROOSEVELT"},"geometry":{"type":"Polygon","coordinates":[[[-122.237429,37.473339],[-122.237314,37.473329],[-122.237124,37.47348],[-122.236891,37.473664],[-122.236769,37.473567],[-122.236648,37.47347],[-122.23651,37.473579],[-122.236403,37.473663],[-122.236284,37.473494],[-122.236174,37.473405],[-122.235945,37.47322],[-122.235706,37.473028],[-122.235585,37.47293],[-122.235403,37.472784],[-122.235282,37.472686],[-122.235161,37.472589],[-122.235039,37.472491],[-122.234918,37.472393],[-122.234797,37.472296],[-122.234555,37.472101],[-122.234616,37.472052],[-122.234534,37.471986],[-122.234598,37.471935],[-122.234687,37.471864],[-122.234843,37.471742],[-122.235269,37.471404],[-122.235523,37.471203],[-122.235158,37.470912],[-122.235073,37.470844],[-122.23372,37.469761],[-122.233553,37.469628],[-122.233216,37.469896],[-122.233166,37.469951],[-122.232892,37.470167],[-122.232736,37.470287],[-122.232539,37.470435],[-122.232456,37.4705],[-122.232146,37.470252],[-122.231721,37.469913],[-122.231389,37.469648],[-122.231371,37.469634],[-122.231561,37.469498],[-122.231685,37.469408],[-122.23217,37.46906],[-122.232834,37.468586],[-122.232888,37.468546],[-122.232902,37.468536],[-122.233105,37.46839],[-122.233231,37.468296],[-122.233326,37.468228],[-122.233687,37.46797],[-122.233756,37.46792],[-122.233766,37.467913],[-122.233524,37.467717],[-122.233366,37.46759],[-122.232883,37.467201],[-122.232651,37.467014],[-122.232531,37.466918],[-122.232593,37.466869],[-122.232904,37.466623],[-122.232906,37.466621],[-122.233202,37.466387],[-122.233218,37.466374],[-122.233285,37.466321],[-122.23323,37.466277],[-122.234159,37.465539],[-122.234282,37.465526],[-122.234521,37.465337],[-122.234709,37.465188],[-122.235035,37.465317],[-122.235021,37.465328],[-122.235082,37.465377],[-122.235164,37.465327],[-122.235382,37.465152],[-122.236424,37.464323],[-122.236609,37.464177],[-122.236622,37.464166],[-122.236793,37.464032],[-122.236915,37.463935],[-122.237683,37.463328],[-122.238038,37.463047],[-122.237938,37.462966],[-122.237605,37.4627],[-122.237369,37.462512],[-122.237498,37.462407],[-122.237528,37.462383],[-122.237659,37.462278],[-122.237787,37.462175],[-122.237907,37.462078],[-122.238029,37.461981],[-122.238039,37.461974],[-122.238048,37.461966],[-122.238076,37.461943],[-122.238091,37.461929],[-122.238107,37.461915],[-122.238122,37.461901],[-122.238137,37.461886],[-122.238152,37.461872],[-122.238166,37.461857],[-122.238179,37.461842],[-122.238192,37.461826],[-122.238206,37.461811],[-122.238224,37.461788],[-122.238238,37.461772],[-122.238249,37.461756],[-122.238261,37.46174],[-122.238273,37.461724],[-122.238283,37.461707],[-122.238294,37.461691],[-122.238304,37.461674],[-122.238314,37.461657],[-122.238318,37.46165],[-122.238395,37.461507],[-122.238476,37.461356],[-122.23864,37.461052],[-122.238727,37.460887],[-122.238872,37.460619],[-122.238927,37.460535],[-122.239031,37.460236],[-122.239035,37.46022],[-122.23904,37.460207],[-122.239045,37.460193],[-122.23905,37.460179],[-122.239057,37.460166],[-122.239063,37.460152],[-122.23907,37.460139],[-122.239076,37.460125],[-122.239083,37.460112],[-122.23909,37.460099],[-122.239098,37.460086],[-122.239104,37.460073],[-122.239113,37.46006],[-122.239121,37.460047],[-122.239131,37.460035],[-122.239139,37.460023],[-122.239148,37.46001],[-122.239158,37.459998],[-122.239168,37.459986],[-122.239178,37.459974],[-122.239188,37.459962],[-122.239203,37.459945],[-122.239341,37.459799],[-122.239462,37.459671],[-122.23959,37.459535],[-122.239701,37.459418],[-122.239805,37.459308],[-122.239906,37.459201],[-122.240017,37.459084],[-122.240125,37.458969],[-122.240162,37.458931],[-122.240172,37.458917],[-122.240182,37.458903],[-122.240192,37.458889],[-122.2402,37.458875],[-122.24021,37.45886],[-122.240218,37.458846],[-122.240226,37.458831],[-122.240235,37.458817],[-122.240243,37.458801],[-122.240251,37.458786],[-122.240258,37.458771],[-122.240264,37.458756],[-122.240271,37.458741],[-122.240277,37.458726],[-122.240284,37.45871],[-122.240289,37.458695],[-122.240293,37.458679],[-122.240298,37.458664],[-122.240303,37.458648],[-122.240308,37.458632],[-122.240311,37.458617],[-122.240314,37.458601],[-122.240317,37.458585],[-122.24032,37.458569],[-122.240323,37.458552],[-122.240334,37.458552],[-122.240342,37.458552],[-122.240353,37.458551],[-122.240363,37.45855],[-122.240371,37.45855],[-122.240382,37.458549],[-122.240392,37.458548],[-122.240401,37.458547],[-122.240411,37.458545],[-122.24042,37.458544],[-122.240433,37.458542],[-122.240526,37.458531],[-122.240725,37.458506],[-122.240919,37.458482],[-122.24093,37.458481],[-122.240937,37.45848],[-122.240942,37.458479],[-122.240947,37.458479],[-122.240952,37.458478],[-122.240957,37.458477],[-122.240962,37.458475],[-122.240968,37.458474],[-122.240973,37.458473],[-122.240978,37.458472],[-122.240985,37.45847],[-122.24099,37.458468],[-122.240995,37.458467],[-122.241,37.458466],[-122.241005,37.458464],[-122.24101,37.458462],[-122.241014,37.45846],[-122.241019,37.458458],[-122.241024,37.458456],[-122.241029,37.458454],[-122.241034,37.458452],[-122.241039,37.45845],[-122.241092,37.458426],[-122.241305,37.458331],[-122.241539,37.458227],[-122.24175,37.458133],[-122.241981,37.458031],[-122.242062,37.457993],[-122.242097,37.457978],[-122.242117,37.457968],[-122.242137,37.457957],[-122.242158,37.457947],[-122.242178,37.457936],[-122.242199,37.457924],[-122.242233,37.457904],[-122.242251,37.457892],[-122.24227,37.45788],[-122.242289,37.457867],[-122.242307,37.457854],[-122.242326,37.457841],[-122.242343,37.457828],[-122.242372,37.457807],[-122.242389,37.457795],[-122.242414,37.457777],[-122.242433,37.457766],[-122.24245,37.457755],[-122.242467,37.457744],[-122.242485,37.457734],[-122.242502,37.457724],[-122.242521,37.457714],[-122.24254,37.457704],[-122.242559,37.457695],[-122.242577,37.457685],[-122.242596,37.457677],[-122.242615,37.457668],[-122.242635,37.457659],[-122.242654,37.457652],[-122.242675,37.457644],[-122.242693,37.457636],[-122.242714,37.457629],[-122.242734,37.457622],[-122.242755,37.457615],[-122.243106,37.457518],[-122.243155,37.457564],[-122.243536,37.457909],[-122.243778,37.458129],[-122.243891,37.458231],[-122.244148,37.458464],[-122.244276,37.458581],[-122.244396,37.458691],[-122.244537,37.458818],[-122.244671,37.45894],[-122.244801,37.459058],[-122.244931,37.459177],[-122.245061,37.459295],[-122.24519,37.459413],[-122.24532,37.459531],[-122.245451,37.459649],[-122.245577,37.459764],[-122.245708,37.459882],[-122.245834,37.459998],[-122.245963,37.460115],[-122.24597,37.460121],[-122.246098,37.460238],[-122.246213,37.460341],[-122.246304,37.460424],[-122.246238,37.460467],[-122.246202,37.460488],[-122.246168,37.460509],[-122.246133,37.46053],[-122.246097,37.46055],[-122.246061,37.460569],[-122.246024,37.460588],[-122.245986,37.460606],[-122.245949,37.460624],[-122.245911,37.460642],[-122.245872,37.460658],[-122.245835,37.460675],[-122.245795,37.46069],[-122.245756,37.460706],[-122.245717,37.46072],[-122.245676,37.460734],[-122.245628,37.460751],[-122.245595,37.460761],[-122.245561,37.460771],[-122.245527,37.460781],[-122.245494,37.46079],[-122.24546,37.460798],[-122.245426,37.460806],[-122.245392,37.460814],[-122.245356,37.460822],[-122.245321,37.460828],[-122.245287,37.460834],[-122.245113,37.46085],[-122.245077,37.460856],[-122.24504,37.460862],[-122.245002,37.460869],[-122.244966,37.460877],[-122.244928,37.460885],[-122.244892,37.460893],[-122.244856,37.460902],[-122.24482,37.460911],[-122.244784,37.460921],[-122.244748,37.460932],[-122.244712,37.460943],[-122.244678,37.460954],[-122.244642,37.460966],[-122.244639,37.460968],[-122.244603,37.46098],[-122.244588,37.460987],[-122.244572,37.460993],[-122.244538,37.461006],[-122.244506,37.461019],[-122.244473,37.461033],[-122.244441,37.461048],[-122.244408,37.461063],[-122.244378,37.461078],[-122.244345,37.461094],[-122.244313,37.461111],[-122.244198,37.461182],[-122.243822,37.461413],[-122.243411,37.46167],[-122.243524,37.46177],[-122.243552,37.461798],[-122.24358,37.461825],[-122.243635,37.461874],[-122.243659,37.461895],[-122.243686,37.461916],[-122.243731,37.461951],[-122.243782,37.46199],[-122.24383,37.462024],[-122.243877,37.462058],[-122.243926,37.462092],[-122.243975,37.462124],[-122.244066,37.46218],[-122.244108,37.462205],[-122.24415,37.462229],[-122.244228,37.462273],[-122.244343,37.462333],[-122.244363,37.462343],[-122.24445,37.462386],[-122.244509,37.462415],[-122.244567,37.462445],[-122.244624,37.462476],[-122.24468,37.462507],[-122.244736,37.462539],[-122.244792,37.462573],[-122.244871,37.462623],[-122.244906,37.462645],[-122.244939,37.462667],[-122.245002,37.462711],[-122.245037,37.462735],[-122.24507,37.462762],[-122.245104,37.462787],[-122.245135,37.462813],[-122.245169,37.46284],[-122.245198,37.462867],[-122.245235,37.462899],[-122.245265,37.462927],[-122.245294,37.462955],[-122.245322,37.462984],[-122.24535,37.463013],[-122.245398,37.463064],[-122.245423,37.463094],[-122.245449,37.463124],[-122.245506,37.46319],[-122.245536,37.463228],[-122.245564,37.463265],[-122.245593,37.463303],[-122.245621,37.463342],[-122.245648,37.463381],[-122.245675,37.46342],[-122.245705,37.46347],[-122.245729,37.463508],[-122.24575,37.463547],[-122.245772,37.463586],[-122.245802,37.463644],[-122.245821,37.463683],[-122.245839,37.463723],[-122.245857,37.463763],[-122.245888,37.463843],[-122.245903,37.463883],[-122.245918,37.463924],[-122.245929,37.463965],[-122.245942,37.464007],[-122.245953,37.464048],[-122.245965,37.464095],[-122.245995,37.464234],[-122.245998,37.46425],[-122.246008,37.46431],[-122.246014,37.464355],[-122.246018,37.464399],[-122.246023,37.464443],[-122.246026,37.464488],[-122.246029,37.46457],[-122.246029,37.464614],[-122.246028,37.464659],[-122.246024,37.464733],[-122.246022,37.464778],[-122.246018,37.464822],[-122.246015,37.464842],[-122.246014,37.464863],[-122.246002,37.464941],[-122.245994,37.464985],[-122.245993,37.464992],[-122.245991,37.464997],[-122.245983,37.465032],[-122.245977,37.465056],[-122.24597,37.46508],[-122.245964,37.465104],[-122.245956,37.465127],[-122.245948,37.465151],[-122.245938,37.465175],[-122.245927,37.465204],[-122.245917,37.465227],[-122.245907,37.46525],[-122.245896,37.465274],[-122.245884,37.465296],[-122.245873,37.465319],[-122.245859,37.465341],[-122.245846,37.465364],[-122.245833,37.465386],[-122.24582,37.465408],[-122.245805,37.46543],[-122.245791,37.465451],[-122.245775,37.465473],[-122.24576,37.465494],[-122.245733,37.465528],[-122.245716,37.465549],[-122.245698,37.46557],[-122.245684,37.465588],[-122.245676,37.465599],[-122.245669,37.46561],[-122.245661,37.465621],[-122.245654,37.465633],[-122.245648,37.465644],[-122.245641,37.465656],[-122.245634,37.465668],[-122.245628,37.465679],[-122.245621,37.465691],[-122.245616,37.465703],[-122.245611,37.465715],[-122.245607,37.465727],[-122.245602,37.465739],[-122.245597,37.465752],[-122.245592,37.465764],[-122.245589,37.465776],[-122.245584,37.465789],[-122.245581,37.465802],[-122.245578,37.465814],[-122.245574,37.465826],[-122.245571,37.465839],[-122.24557,37.465852],[-122.245567,37.465864],[-122.245565,37.465877],[-122.245564,37.46589],[-122.245562,37.465902],[-122.245561,37.465915],[-122.245561,37.465928],[-122.24556,37.465941],[-122.24556,37.465954],[-122.24556,37.465966],[-122.245561,37.465979],[-122.245561,37.465992],[-122.245561,37.466005],[-122.245563,37.466017],[-122.245565,37.46603],[-122.245566,37.466043],[-122.245568,37.466055],[-122.245571,37.466068],[-122.245573,37.466081],[-122.245576,37.466093],[-122.245579,37.466106],[-122.245583,37.466118],[-122.245587,37.466131],[-122.24559,37.466143],[-122.245596,37.466163],[-122.245688,37.466484],[-122.245755,37.466713],[-122.245802,37.466875],[-122.246048,37.46774],[-122.24608,37.467847],[-122.246126,37.467968],[-122.246256,37.468212],[-122.24634,37.468367],[-122.24643,37.468526],[-122.246551,37.468742],[-122.246601,37.468832],[-122.246655,37.468928],[-122.246684,37.468978],[-122.24693,37.469412],[-122.247147,37.469788],[-122.24679,37.469921],[-122.246572,37.47],[-122.246172,37.470145],[-122.245765,37.470293],[-122.245592,37.470353],[-122.245285,37.470469],[-122.244901,37.470612],[-122.244728,37.470675],[-122.244262,37.470843],[-122.244033,37.470925],[-122.243817,37.471003],[-122.243288,37.471197],[-122.243059,37.471282],[-122.242854,37.471357],[-122.242326,37.471553],[-122.242151,37.471618],[-122.241899,37.47171],[-122.241576,37.47183],[-122.24152,37.471859],[-122.241485,37.471876],[-122.241451,37.471895],[-122.241419,37.471913],[-122.241388,37.471929],[-122.241264,37.471995],[-122.241207,37.472035],[-122.241176,37.472057],[-122.241147,37.47208],[-122.241119,37.472102],[-122.241095,37.472117],[-122.241081,37.472127],[-122.241068,37.472137],[-122.241054,37.472147],[-122.241042,37.472156],[-122.241029,37.472167],[-122.241017,37.472177],[-122.241003,37.472188],[-122.240992,37.472198],[-122.24098,37.472209],[-122.240968,37.47222],[-122.240958,37.472231],[-122.240946,37.472243],[-122.240934,37.472254],[-122.240924,37.472266],[-122.240914,37.472278],[-122.240904,37.47229],[-122.240894,37.472302],[-122.240884,37.472314],[-122.240859,37.472343],[-122.240835,37.47237],[-122.240812,37.472397],[-122.24079,37.472424],[-122.240768,37.472452],[-122.240747,37.472492],[-122.240725,37.472531],[-122.240523,37.472885],[-122.240377,37.47313],[-122.240296,37.473265],[-122.240187,37.47345],[-122.240072,37.473592],[-122.240056,37.473612],[-122.240009,37.473672],[-122.239768,37.47399],[-122.23938,37.474498],[-122.239307,37.474587],[-122.239235,37.474677],[-122.2392,37.474718],[-122.239086,37.474658],[-122.238842,37.474465],[-122.238503,37.474198],[-122.238212,37.473966],[-122.23814,37.473907],[-122.238068,37.473847],[-122.237857,37.473679],[-122.237511,37.473404],[-122.237429,37.473339]]]}},{"type":"Feature","properties":{"NB_Area":"DOWNTOWN"},"geometry":{"type":"Polygon","coordinates":[[[-122.223023,37.493057],[-122.220703,37.492043],[-122.221191,37.491435],[-122.221331,37.49121],[-122.221413,37.491045],[-122.221464,37.490906],[-122.221491,37.490807],[-122.221574,37.490404],[-122.221737,37.489575],[-122.221751,37.489405],[-122.222547,37.48828],[-122.222884,37.487803],[-122.223031,37.487584],[-122.223595,37.48674],[-122.223755,37.486542],[-122.224303,37.485752],[-122.22435,37.485678],[-122.224962,37.484809],[-122.225546,37.48396],[-122.226036,37.483246],[-122.226153,37.483107],[-122.226237,37.482693],[-122.226262,37.482643],[-122.226289,37.482588],[-122.226316,37.482465],[-122.22644,37.48191],[-122.226581,37.481304],[-122.226603,37.48121],[-122.227084,37.480261],[-122.226766,37.480033],[-122.226591,37.479908],[-122.226715,37.47981],[-122.226969,37.479609],[-122.227174,37.479447],[-122.227577,37.479771],[-122.227953,37.480073],[-122.228056,37.480155],[-122.228119,37.480105],[-122.228196,37.48016],[-122.228861,37.480638],[-122.228876,37.48065],[-122.228798,37.480716],[-122.228835,37.480743],[-122.229168,37.480982],[-122.229239,37.481034],[-122.229201,37.481068],[-122.229283,37.481127],[-122.229641,37.481384],[-122.229999,37.481642],[-122.230152,37.481752],[-122.230511,37.48201],[-122.230626,37.481908],[-122.230742,37.481806],[-122.230774,37.481778],[-122.231114,37.482022],[-122.231218,37.482097],[-122.231583,37.481774],[-122.232031,37.482096],[-122.23248,37.482418],[-122.231973,37.482866],[-122.232037,37.482912],[-122.232522,37.483263],[-122.232685,37.483378],[-122.232672,37.483474],[-122.232639,37.483715],[-122.232689,37.483747],[-122.232684,37.483752],[-122.232813,37.483854],[-122.232959,37.483971],[-122.233056,37.484049],[-122.233105,37.484088],[-122.233251,37.484204],[-122.233321,37.48426],[-122.233004,37.484511],[-122.233771,37.485169],[-122.234199,37.485543],[-122.23467,37.485956],[-122.234931,37.486204],[-122.236307,37.486137],[-122.23682,37.486558],[-122.236589,37.486741],[-122.236033,37.487185],[-122.235918,37.487296],[-122.235645,37.487494],[-122.235245,37.487787],[-122.234674,37.488204],[-122.234198,37.488553],[-122.233705,37.488911],[-122.232739,37.489615],[-122.231876,37.490243],[-122.231772,37.490318],[-122.230594,37.491173],[-122.230445,37.491282],[-122.229973,37.491789],[-122.229887,37.491882],[-122.229872,37.491898],[-122.229862,37.491908],[-122.229851,37.491919],[-122.229841,37.491928],[-122.229829,37.491938],[-122.229819,37.491948],[-122.229808,37.491958],[-122.229797,37.491967],[-122.229786,37.491976],[-122.229774,37.491985],[-122.229762,37.491994],[-122.229748,37.492003],[-122.229736,37.492012],[-122.229725,37.49202],[-122.229711,37.492028],[-122.229699,37.492037],[-122.229685,37.492044],[-122.229672,37.492052],[-122.229658,37.492059],[-122.229645,37.492067],[-122.229631,37.492074],[-122.229617,37.492081],[-122.229604,37.492088],[-122.229588,37.492094],[-122.229575,37.492101],[-122.229559,37.492107],[-122.229546,37.492113],[-122.22953,37.492119],[-122.229458,37.492143],[-122.229443,37.492148],[-122.229428,37.492152],[-122.229412,37.492156],[-122.229397,37.49216],[-122.229381,37.492164],[-122.229364,37.492167],[-122.229349,37.49217],[-122.229333,37.492173],[-122.229318,37.492176],[-122.229301,37.492179],[-122.229285,37.492181],[-122.229268,37.492183],[-122.229253,37.492185],[-122.229235,37.492187],[-122.22922,37.492188],[-122.229203,37.492189],[-122.229187,37.492191],[-122.22917,37.492191],[-122.229155,37.492192],[-122.229137,37.492192],[-122.229117,37.492192],[-122.229086,37.492189],[-122.229054,37.492187],[-122.229023,37.492185],[-122.228992,37.492184],[-122.228961,37.492182],[-122.22893,37.492182],[-122.228899,37.492182],[-122.228868,37.492182],[-122.228839,37.492182],[-122.228808,37.492183],[-122.228777,37.492185],[-122.228746,37.492187],[-122.228715,37.492189],[-122.228684,37.492192],[-122.228653,37.492195],[-122.228622,37.492199],[-122.228572,37.492206],[-122.228541,37.49221],[-122.228512,37.492215],[-122.228481,37.492221],[-122.228394,37.492239],[-122.228412,37.492302],[-122.228416,37.492322],[-122.22842,37.492336],[-122.228422,37.49235],[-122.228424,37.492365],[-122.228425,37.492379],[-122.228427,37.492393],[-122.228427,37.492407],[-122.228429,37.492421],[-122.228429,37.492435],[-122.22843,37.492449],[-122.228428,37.492463],[-122.228429,37.492478],[-122.228427,37.492492],[-122.228426,37.492506],[-122.228424,37.49252],[-122.228423,37.492534],[-122.228422,37.492548],[-122.228418,37.492563],[-122.228417,37.492577],[-122.228414,37.49259],[-122.228411,37.492605],[-122.228406,37.492618],[-122.228403,37.492632],[-122.228398,37.492646],[-122.228393,37.49266],[-122.228366,37.492745],[-122.228329,37.49286],[-122.228316,37.492896],[-122.228303,37.492925],[-122.228291,37.492955],[-122.228277,37.492984],[-122.228263,37.493013],[-122.228249,37.493042],[-122.228234,37.493071],[-122.228217,37.493099],[-122.228201,37.493127],[-122.228182,37.493155],[-122.228166,37.493183],[-122.228147,37.49321],[-122.228127,37.493237],[-122.228109,37.493264],[-122.228087,37.493291],[-122.228067,37.493317],[-122.228045,37.493343],[-122.228023,37.493369],[-122.228002,37.493395],[-122.227978,37.49342],[-122.227955,37.493445],[-122.22788,37.493517],[-122.227799,37.493597],[-122.227906,37.493671],[-122.227204,37.494307],[-122.226989,37.494502],[-122.226975,37.494498],[-122.226207,37.494262],[-122.225504,37.494026],[-122.225035,37.49386],[-122.224566,37.493689],[-122.224154,37.493533],[-122.22377,37.493379],[-122.223023,37.493057]]]}},{"type":"Feature","properties":{"NB_Area":"BAIR ISLAND"},"geometry":{"type":"Polygon","coordinates":[[[-122.221278,37.500798],[-122.22103,37.500648],[-122.220934,37.500575],[-122.220581,37.500307],[-122.220566,37.500245],[-122.220458,37.500214],[-122.220427,37.500191],[-122.22009,37.499701],[-122.219679,37.499102],[-122.219712,37.49855],[-122.219715,37.49854],[-122.219803,37.498215],[-122.219853,37.49809],[-122.219725,37.49792],[-122.219895,37.497333],[-122.220053,37.496791],[-122.220117,37.496572],[-122.220907,37.495973],[-122.221596,37.495634],[-122.222407,37.495236],[-122.222448,37.495215],[-122.223064,37.495015],[-122.223587,37.494843],[-122.22386,37.494759],[-122.224083,37.494723],[-122.224733,37.494783],[-122.225074,37.494815],[-122.225967,37.494896],[-122.226327,37.494811],[-122.226435,37.494761],[-122.225387,37.49448],[-122.22507,37.494413],[-122.224529,37.494299],[-122.224445,37.494303],[-122.223659,37.494337],[-122.223509,37.49441],[-122.223174,37.494444],[-122.222903,37.49457],[-122.222471,37.494772],[-122.22239,37.49481],[-122.222054,37.494903],[-122.221264,37.495256],[-122.221257,37.495259],[-122.221203,37.495292],[-122.220828,37.495519],[-122.220703,37.495669],[-122.22063,37.495684],[-122.220573,37.495695],[-122.220493,37.495741],[-122.220386,37.495803],[-122.219794,37.496146],[-122.219762,37.496161],[-122.219701,37.496127],[-122.219482,37.496385],[-122.218957,37.497036],[-122.218878,37.496989],[-122.21884,37.497176],[-122.218887,37.497384],[-122.218742,37.497543],[-122.218776,37.497682],[-122.218577,37.497702],[-122.218587,37.498033],[-122.218684,37.498033],[-122.218688,37.498153],[-122.21859,37.498153],[-122.217598,37.498153],[-122.217377,37.498153],[-122.216314,37.498153],[-122.214959,37.498152],[-122.214814,37.498152],[-122.21364,37.498152],[-122.213458,37.498152],[-122.212702,37.498152],[-122.212329,37.498152],[-122.212623,37.497349],[-122.213167,37.495894],[-122.213253,37.494311],[-122.213284,37.493636],[-122.213297,37.493195],[-122.213314,37.492972],[-122.213287,37.492972],[-122.213061,37.492972],[-122.213018,37.492968],[-122.212996,37.492963],[-122.212973,37.492952],[-122.212954,37.492937],[-122.212927,37.492914],[-122.212905,37.492888],[-122.212889,37.492859],[-122.212741,37.492528],[-122.212662,37.492396],[-122.21234,37.491988],[-122.212178,37.491779],[-122.212051,37.491181],[-122.211981,37.490769],[-122.21197,37.49074],[-122.211961,37.490711],[-122.211952,37.490682],[-122.211944,37.490652],[-122.211937,37.490623],[-122.211929,37.490593],[-122.211923,37.490563],[-122.211917,37.490534],[-122.211911,37.490504],[-122.211907,37.490474],[-122.211903,37.490444],[-122.211901,37.490414],[-122.211898,37.490384],[-122.211896,37.490354],[-122.211895,37.490323],[-122.211895,37.490294],[-122.211896,37.490263],[-122.211895,37.490233],[-122.211898,37.490203],[-122.211899,37.490173],[-122.211901,37.490143],[-122.211906,37.490107],[-122.21191,37.490077],[-122.211916,37.490047],[-122.211921,37.490017],[-122.211932,37.489965],[-122.21194,37.489941],[-122.211946,37.489917],[-122.211954,37.489893],[-122.211962,37.489869],[-122.211972,37.489845],[-122.21198,37.489822],[-122.21199,37.489798],[-122.212002,37.489774],[-122.212011,37.489751],[-122.212023,37.489728],[-122.212034,37.489705],[-122.212048,37.489682],[-122.212061,37.489659],[-122.212074,37.489637],[-122.212088,37.489615],[-122.212103,37.489592],[-122.212116,37.489571],[-122.212133,37.489549],[-122.212148,37.489528],[-122.212164,37.489506],[-122.212181,37.489486],[-122.212198,37.489465],[-122.212216,37.489444],[-122.212233,37.489424],[-122.212252,37.489404],[-122.212272,37.489384],[-122.21229,37.489365],[-122.212311,37.489345],[-122.212331,37.489326],[-122.212351,37.489308],[-122.212371,37.489289],[-122.212393,37.489271],[-122.212415,37.489254],[-122.212437,37.489236],[-122.212459,37.489219],[-122.212483,37.489202],[-122.212512,37.489182],[-122.212765,37.489],[-122.212929,37.488881],[-122.213442,37.489035],[-122.213935,37.489192],[-122.214446,37.489367],[-122.215071,37.489598],[-122.215645,37.489825],[-122.216198,37.490042],[-122.216726,37.490259],[-122.217516,37.490605],[-122.218004,37.490825],[-122.220414,37.491916],[-122.220703,37.492043],[-122.223023,37.493057],[-122.22377,37.493379],[-122.224154,37.493533],[-122.224566,37.493689],[-122.225035,37.49386],[-122.225504,37.494026],[-122.226207,37.494262],[-122.226975,37.494498],[-122.226989,37.494502],[-122.227739,37.494726],[-122.229076,37.495104],[-122.230467,37.495498],[-122.233117,37.496247],[-122.233117,37.496247],[-122.233112,37.496259],[-122.233048,37.4964],[-122.232604,37.497386],[-122.23242,37.497792],[-122.231898,37.497846],[-122.230055,37.497867],[-122.227539,37.497897],[-122.226995,37.497903],[-122.22604,37.497914],[-122.225654,37.497919],[-122.223827,37.49794],[-122.223807,37.49794],[-122.223807,37.498009],[-122.223766,37.498041],[-122.223731,37.498078],[-122.223704,37.498119],[-122.223685,37.498163],[-122.223674,37.498209],[-122.223673,37.498255],[-122.22368,37.498301],[-122.223696,37.498345],[-122.224487,37.500355],[-122.224353,37.500414],[-122.224186,37.500454],[-122.224084,37.500485],[-122.223961,37.500507],[-122.223906,37.50061],[-122.223891,37.500606],[-122.223752,37.500653],[-122.223722,37.500644],[-122.223711,37.500669],[-122.223691,37.500664],[-122.223567,37.500663],[-122.223535,37.500676],[-122.223233,37.500833],[-122.222939,37.501018],[-122.222831,37.501125],[-122.222656,37.501383],[-122.222425,37.501499],[-122.22239,37.501493],[-122.221678,37.501082],[-122.221359,37.500856],[-122.221278,37.500798]]]}}]}